-3.141592654,-3.141592654,17.20810286
-3.018392942,-3.141592654,11.30323194
-2.89519323,-3.141592654,7.129734645
-2.771993518,-3.141592654,4.666459207
-2.648793806,-3.141592654,3.684977424
-2.525594094,-3.141592654,3.866776873
-2.402394382,-3.141592654,4.882250277
-2.27919467,-3.141592654,6.413434807
-2.155994958,-3.141592654,8.145406568
-2.032795246,-3.141592654,9.787770778
-1.909595535,-3.141592654,11.14347117
-1.786395823,-3.141592654,12.18027943
-1.663196111,-3.141592654,13.05727946
-1.539996399,-3.141592654,14.09312042
-1.416796687,-3.141592654,15.6946915
-1.293596975,-3.141592654,18.26620613
-1.170397263,-3.141592654,22.11978742
-1.047197551,-3.141592654,27.3490418
-0.923997839,-3.141592654,33.7461243
-0.800798127,-3.141592654,40.80329053
-0.677598415,-3.141592654,47.83827002
-0.554398704,-3.141592654,54.1953396
-0.431198992,-3.141592654,59.41255484
-0.30799928,-3.141592654,63.29059531
-0.184799568,-3.141592654,65.83378965
-0.061599856,-3.141592654,67.12305384
0.061599856,-3.141592654,67.20340337
0.184799568,-3.141592654,66.02437457
0.30799928,-3.141592654,63.472708
0.431198992,-3.141592654,59.48917453
0.554398704,-3.141592654,54.23026283
0.677598415,-3.141592654,48.19365821
0.800798127,-3.141592654,42.23129707
0.923997839,-3.141592654,37.38159887
1.047197551,-3.141592654,34.57307026
1.170397263,-3.141592654,34.31540013
1.293596975,-3.141592654,36.53740583
1.416796687,-3.141592654,40.64429308
1.539996399,-3.141592654,45.75841942
1.663196111,-3.141592654,51.00590354
1.786395823,-3.141592654,55.71294303
1.909595535,-3.141592654,59.44776196
2.032795246,-3.141592654,61.93866856
2.155994958,-3.141592654,62.96428174
2.27919467,-3.141592654,62.29734113
2.402394382,-3.141592654,59.74094271
2.525594094,-3.141592654,55.22213957
2.648793806,-3.141592654,48.89986513
2.771993518,-3.141592654,41.20899133
2.89519323,-3.141592654,32.8306825
3.018392942,-3.141592654,24.57396284
-3.141592654,-3.018392942,20.12213394
-3.018392942,-3.018392942,14.08052132
-2.89519323,-3.018392942,9.759980809
-2.771993518,-3.018392942,7.21527755
-2.648793806,-3.018392942,6.25312905
-2.525594094,-3.018392942,6.540229154
-2.402394382,-3.018392942,7.697405946
-2.27919467,-3.018392942,9.350768703
-2.155994958,-3.018392942,11.15009915
-2.032795246,-3.018392942,12.80403111
-1.909595535,-3.018392942,14.14992055
-1.786395823,-3.018392942,15.21787584
-1.663196111,-3.018392942,16.24190942
-1.539996399,-3.018392942,17.60152589
-1.416796687,-3.018392942,19.71500022
-1.293596975,-3.018392942,22.92121765
-1.170397263,-3.018392942,27.3916809
-1.047197551,-3.018392942,33.0435268
-0.923997839,-3.018392942,39.52262491
-0.800798127,-3.018392942,46.26120811
-0.677598415,-3.018392942,52.62498277
-0.554398704,-3.018392942,58.08603872
-0.431198992,-3.018392942,62.33748855
-0.30799928,-3.018392942,65.30776045
-0.184799568,-3.018392942,67.07126843
-0.061599856,-3.018392942,67.71852187
0.061599856,-3.018392942,67.25957667
0.184799568,-3.018392942,65.58898086
0.30799928,-3.018392942,62.54537914
0.431198992,-3.018392942,58.05406707
0.554398704,-3.018392942,52.3033193
0.677598415,-3.018392942,45.86789841
0.800798127,-3.018392942,39.69570376
0.923997839,-3.018392942,34.8946755
1.047197551,-3.018392942,32.39272089
1.170397263,-3.018392942,32.61626693
1.293596975,-3.018392942,35.36025735
1.416796687,-3.018392942,39.90805746
1.539996399,-3.018392942,45.32414759
1.663196111,-3.018392942,50.75093738
1.786395823,-3.018392942,55.57567783
1.909595535,-3.018392942,59.43144152
2.032795246,-3.018392942,62.0925916
2.155994958,-3.018392942,63.36350602
2.27919467,-3.018392942,63.02931056
2.402394382,-3.018392942,60.89134136
2.525594094,-3.018392942,56.85185265
2.648793806,-3.018392942,51.0175321
2.771993518,-3.018392942,43.751217
2.89519323,-3.018392942,35.66420599
3.018392942,-3.018392942,27.52744465
-3.141592654,-2.89519323,23.45204478
-3.018392942,-2.89519323,17.32732042
-2.89519323,-2.89519323,12.89233642
-2.771993518,-2.89519323,10.27523288
-2.648793806,-2.89519323,9.323012243
-2.525594094,-2.89519323,9.698955525
-2.402394382,-2.89519323,10.98638798
-2.27919467,-2.89519323,12.76139409
-2.155994958,-2.89519323,14.63564303
-2.032795246,-2.89519323,16.30848586
-1.909595535,-2.89519323,17.64321945
-1.786395823,-2.89519323,18.72685567
-1.663196111,-2.89519323,19.86530843
-1.539996399,-2.89519323,21.49400579
-1.416796687,-2.89519323,24.03498475
-1.293596975,-2.89519323,27.75347538
-1.170397263,-2.89519323,32.67666557
-1.047197551,-2.89519323,38.55530259
-0.923997839,-2.89519323,44.9148734
-0.800798127,-2.89519323,51.16451663
-0.677598415,-2.89519323,56.751951
-0.554398704,-2.89519323,61.29323168
-0.431198992,-2.89519323,64.62769186
-0.30799928,-2.89519323,66.7830694
-0.184799568,-2.89519323,67.86868596
-0.061599856,-2.89519323,67.95677171
0.061599856,-2.89519323,67.01120716
0.184799568,-2.89519323,64.87743837
0.30799928,-2.89519323,61.36445595
0.431198992,-2.89519323,56.40287171
0.554398704,-2.89519323,50.22648004
0.677598415,-2.89519323,43.48726766
0.800798127,-2.89519323,37.21509243
0.923997839,-2.89519323,32.56623159
1.047197551,-2.89519323,30.44973063
1.170397263,-2.89519323,31.20187674
1.293596975,-2.89519323,34.48958721
1.416796687,-2.89519323,39.48626706
1.539996399,-2.89519323,45.20704873
1.663196111,-2.89519323,50.81044914
1.786395823,-2.89519323,55.73799572
1.909595535,-2.89519323,59.6817728
2.032795246,-2.89519323,62.46412135
2.155994958,-2.89519323,63.92629469
2.27919467,-2.89519323,63.88117531
2.402394382,-2.89519323,62.14173153
2.525594094,-2.89519323,58.59121846
2.648793806,-2.89519323,53.28237122
2.771993518,-2.89519323,46.49877328
2.89519323,-2.89519323,38.77295744
3.018392942,-2.89519323,30.82917874
-3.141592654,-2.771993518,26.96858741
-3.018392942,-2.771993518,20.82714593
-2.89519323,-2.771993518,16.31274687
-2.771993518,-2.771993518,13.61733273
-2.648793806,-2.771993518,12.6345455
-2.525594094,-2.771993518,13.04470328
-2.402394382,-2.771993518,14.41843984
-2.27919467,-2.771993518,16.29891106
-2.155994958,-2.771993518,18.26255204
-2.032795246,-2.771993518,19.9898137
-1.909595535,-2.771993518,21.35377508
-1.786395823,-2.771993518,22.48036106
-1.663196111,-2.771993518,23.72930368
-1.539996399,-2.771993518,25.57458852
-1.416796687,-2.771993518,28.43057591
-1.293596975,-2.771993518,32.49074679
-1.170397263,-2.771993518,37.65724415
-1.047197551,-2.771993518,43.55064027
-0.923997839,-2.771993518,49.61769914
-0.800798127,-2.771993518,55.27836888
-0.677598415,-2.771993518,60.07568663
-0.554398704,-2.771993518,63.75914942
-0.431198992,-2.771993518,66.28483089
-0.30799928,-2.771993518,67.74340034
-0.184799568,-2.771993518,68.24795273
-0.061599856,-2.771993518,67.83535598
0.061599856,-2.771993518,66.42470063
0.184799568,-2.771993518,63.82991272
0.30799928,-2.771993518,59.85821304
0.431198992,-2.771993518,54.47154412
0.554398704,-2.771993518,47.9620574
0.677598415,-2.771993518,41.05033856
0.800798127,-2.771993518,34.81923971
0.923997839,-2.771993518,30.43666677
1.047197551,-2.771993518,28.76666072
1.170397263,-2.771993518,30.05317769
1.293596975,-2.771993518,33.85601547
1.416796687,-2.771993518,39.26747387
1.539996399,-2.771993518,45.27204171
1.663196111,-2.771993518,51.04458386
1.786395823,-2.771993518,56.06808889
1.909595535,-2.771993518,60.08028014
2.032795246,-2.771993518,62.94708837
2.155994958,-2.771993518,64.55248453
2.27919467,-2.771993518,64.74790144
2.402394382,-2.771993518,63.36862271
2.525594094,-2.771993518,60.28638539
2.648793806,-2.771993518,55.50478326
2.771993518,-2.771993518,49.23066939
2.89519323,-2.771993518,41.91792329
3.018392942,-2.771993518,34.23881097
-3.141592654,-2.648793806,30.50186365
-3.018392942,-2.648793806,24.40656456
-2.89519323,-2.648793806,19.8413368
-2.771993518,-2.648793806,17.04929657
-2.648793806,-2.648793806,15.97545439
-2.525594094,-2.648793806,16.33826827
-2.402394382,-2.648793806,17.72407602
-2.27919467,-2.648793806,19.66717642
-2.155994958,-2.648793806,21.72054261
-2.032795246,-2.648793806,23.54313082
-1.909595535,-2.648793806,25.00225065
-1.786395823,-2.648793806,26.23673676
-1.663196111,-2.648793806,27.62739884
-1.539996399,-2.648793806,29.65599268
-1.416796687,-2.648793806,32.71291579
-1.293596975,-2.648793806,36.93003365
-1.170397263,-2.648793806,42.12173764
-1.047197551,-2.648793806,47.83208995
-0.923997839,-2.648793806,53.47773878
-0.800798127,-2.648793806,58.51545155
-0.677598415,-2.648793806,62.57823937
-0.554398704,-2.648793806,65.5193149
-0.431198992,-2.648793806,67.37077101
-0.30799928,-2.648793806,68.24927888
-0.184799568,-2.648793806,68.24850016
-0.061599856,-2.648793806,67.3645874
0.061599856,-2.648793806,65.48422922
0.184799568,-2.648793806,62.41580499
0.30799928,-2.648793806,57.99674195
0.431198992,-2.648793806,52.24544738
0.554398704,-2.648793806,45.51913133
0.677598415,-2.648793806,38.58810055
0.800798127,-2.648793806,32.54806039
0.923997839,-2.648793806,28.53388457
1.047197551,-2.648793806,27.33758998
1.170397263,-2.648793806,29.11556003
1.293596975,-2.648793806,33.35308927
1.416796687,-2.648793806,39.10153231
1.539996399,-2.648793806,45.34036484
1.663196111,-2.648793806,51.26287247
1.786395823,-2.648793806,56.37922456
1.909595535,-2.648793806,60.45607203
2.032795246,-2.648793806,63.39363046
2.155994958,-2.648793806,65.11773751
2.27919467,-2.648793806,65.52211241
2.402394382,-2.648793806,64.4699372
2.525594094,-2.648793806,61.82847857
2.648793806,-2.648793806,57.56072324
2.771993518,-2.648793806,51.80532404
2.89519323,-2.648793806,44.94302145
3.018392942,-2.648793806,37.59110856
-3.141592654,-2.525594094,33.91890101
-3.018392942,-2.525594094,27.92689976
-2.89519323,-2.525594094,23.33968576
-2.771993518,-2.525594094,20.43889784
-2.648793806,-2.525594094,19.22175227
-2.525594094,-2.525594094,19.45913042
-2.402394382,-2.525594094,20.77557129
-2.27919467,-2.525594094,22.72052157
-2.155994958,-2.525594094,24.84227339
-2.032795246,-2.525594094,26.78570736
-1.909595535,-2.525594094,28.40306951
-1.786395823,-2.525594094,29.81862996
-1.663196111,-2.525594094,31.39383348
-1.539996399,-2.525594094,33.58080488
-1.416796687,-2.525594094,36.72942659
-1.293596975,-2.525594094,40.92710479
-1.170397263,-2.525594094,45.94741844
-1.047197551,-2.525594094,51.31596648
-0.923997839,-2.525594094,56.4635649
-0.800798127,-2.525594094,60.8979079
-0.677598415,-2.525594094,64.32321475
-0.554398704,-2.525594094,66.65784696
-0.431198992,-2.525594094,67.96833779
-0.30799928,-2.525594094,68.36627902
-0.184799568,-2.525594094,67.91224295
-0.061599856,-2.525594094,66.56635919
0.061599856,-2.525594094,64.20248512
0.184799568,-2.525594094,60.65264206
0.30799928,-2.525594094,55.8138704
0.431198992,-2.525594094,49.77868967
0.554398704,-2.525594094,42.96540206
0.677598415,-2.525594094,36.1655716
0.800798127,-2.525594094,30.44343405
0.923997839,-2.525594094,26.85917378
1.047197551,-2.525594094,26.11430902
1.170397263,-2.525594094,28.29227523
1.293596975,-2.525594094,32.84366754
1.416796687,-2.525594094,38.8221786
1.539996399,-2.525594094,45.22836508
1.663196111,-2.525594094,51.27591962
1.786395823,-2.525594094,56.48809595
1.909595535,-2.525594094,60.64304213
2.032795246,-2.525594094,63.66271914
2.155994958,-2.525594094,65.5079369
2.27919467,-2.525594094,66.11169789
2.402394382,-2.525594094,65.36564675
2.525594094,-2.525594094,63.13869722
2.648793806,-2.525594094,59.36410246
2.771993518,-2.525594094,54.12480198
2.89519323,-2.525594094,47.7372988
3.018392942,-2.525594094,40.76295344
-3.141592654,-2.402394382,37.07149648
-3.018392942,-2.402394382,31.23404138
-2.89519323,-2.402394382,26.66178004
-2.771993518,-2.402394382,23.66420476
-2.648793806,-2.402394382,22.28735292
-2.525594094,-2.402394382,22.35845834
-2.402394382,-2.402394382,23.55064796
-2.27919467,-2.402394382,25.44502855
-2.155994958,-2.402394382,27.60425569
-2.032795246,-2.402394382,29.67252325
-1.909595535,-2.402394382,31.48462022
-1.786395823,-2.402394382,33.1277458
-1.663196111,-2.402394382,34.9073445
-1.539996399,-2.402394382,37.21400308
-1.416796687,-2.402394382,40.34756995
-1.293596975,-2.402394382,44.37309874
-1.170397263,-2.402394382,49.069225
-1.047197551,-2.402394382,53.99187991
-0.923997839,-2.402394382,58.61669062
-0.800798127,-2.402394382,62.50377238
-0.677598415,-2.402394382,65.40373922
-0.554398704,-2.402394382,67.26291656
-0.431198992,-2.402394382,68.14797309
-0.30799928,-2.402394382,68.14377206
-0.184799568,-2.402394382,67.27288282
-0.061599856,-2.402394382,65.47054176
0.061599856,-2.402394382,62.61964974
0.184799568,-2.402394382,58.60258723
0.30799928,-2.402394382,53.39699068
0.431198992,-2.402394382,47.1752161
0.554398704,-2.402394382,40.40101796
0.677598415,-2.402394382,33.85341368
0.800798127,-2.402394382,28.52564285
0.923997839,-2.402394382,25.37494502
1.047197551,-2.402394382,25.0092449
1.170397263,-2.402394382,27.46340894
1.293596975,-2.402394382,32.1937779
1.416796687,-2.402394382,38.29386512
1.539996399,-2.402394382,44.80499698
1.663196111,-2.402394382,50.96025662
1.786395823,-2.402394382,56.28204408
1.909595535,-2.402394382,60.54324651
2.032795246,-2.402394382,63.67364218
2.155994958,-2.402394382,65.65842715
2.27919467,-2.402394382,66.46266776
2.402394382,-2.402394382,66.00384286
2.525594094,-2.402394382,64.15802024
2.648793806,-2.402394382,60.84117
2.771993518,-2.402394382,56.09609675
2.89519323,-2.402394382,50.18698652
3.018392942,-2.402394382,43.62112447
-3.141592654,-2.27919467,39.7943893
-3.018392942,-2.27919467,34.15131694
-2.89519323,-2.27919467,29.63733901
-2.771993518,-2.27919467,26.58191756
-2.648793806,-2.27919467,25.07326986
-2.525594094,-2.27919467,24.98899204
-2.402394382,-2.27919467,26.0477936
-2.27919467,-2.27919467,27.86714015
-2.155994958,-2.27919467,30.03641655
-2.032795246,-2.27919467,32.21184628
-1.909595535,-2.27919467,34.21327597
-1.786395823,-2.27919467,36.07848912
-1.663196111,-2.27919467,38.0352232
-1.539996399,-2.27919467,40.39688388
-1.416796687,-2.27919467,43.41534346
-1.293596975,-2.27919467,47.15580499
-1.170397263,-2.27919467,51.43603559
-1.047197551,-2.27919467,55.87161594
-0.923997839,-2.27919467,59.99543287
-0.800798127,-2.27919467,63.41154812
-0.677598415,-2.27919467,65.89346537
-0.554398704,-2.27919467,67.38749158
-0.431198992,-2.27919467,67.93839516
-0.30799928,-2.27919467,67.59348286
-0.184799568,-2.27919467,66.33937832
-0.061599856,-2.27919467,64.09986803
0.061599856,-2.27919467,60.78607023
0.184799568,-2.27919467,56.34964994
0.30799928,-2.27919467,50.85743537
0.431198992,-2.27919467,44.55409432
0.554398704,-2.27919467,37.92418818
0.677598415,-2.27919467,31.70132864
0.800798127,-2.27919467,26.78083268
0.923997839,-2.27919467,24.00838843
1.047197551,-2.27919467,23.9126402
1.170397263,-2.27919467,26.51118794
1.293596975,-2.27919467,31.30120572
1.416796687,-2.27919467,37.44135834
1.539996399,-2.27919467,44.02236435
1.663196111,-2.27919467,50.29015492
1.786395823,-2.27919467,55.75141645
1.909595535,-2.27919467,60.15795731
2.032795246,-2.27919467,63.43373162
2.155994958,-2.27919467,65.57724094
2.27919467,-2.27919467,66.57779137
2.402394382,-2.27919467,66.37549687
2.525594094,-2.27919467,64.85891439
2.648793806,-2.27919467,61.93963963
2.771993518,-2.27919467,57.63773142
2.89519323,-2.27919467,52.17953671
3.018392942,-2.27919467,46.02367391
-3.141592654,-2.155994958,41.9635513
-3.018392942,-2.155994958,36.53606183
-2.89519323,-2.155994958,32.11896336
-2.771993518,-2.155994958,29.05606321
-2.648793806,-2.155994958,27.4694543
-2.525594094,-2.155994958,27.27508804
-2.402394382,-2.155994958,28.22528495
-2.27919467,-2.155994958,29.96853515
-2.155994958,-2.155994958,32.12439336
-2.032795246,-2.155994958,34.36876667
-1.909595535,-2.155994958,36.51134156
-1.786395823,-2.155994958,38.53967949
-1.663196111,-2.155994958,40.60127024
-1.539996399,-2.155994958,42.93548219
-1.416796687,-2.155994958,45.75774581
-1.293596975,-2.155994958,49.15016216
-1.170397263,-2.155994958,52.98561078
-1.047197551,-2.155994958,56.94718602
-0.923997839,-2.155994958,60.62254847
-0.800798127,-2.155994958,63.64762902
-0.677598415,-2.155994958,65.80237856
-0.554398704,-2.155994958,67.01749503
-0.431198992,-2.155994958,67.30615071
-0.30799928,-2.155994958,66.67635227
-0.184799568,-2.155994958,65.08510386
-0.061599856,-2.155994958,62.45695987
0.061599856,-2.155994958,58.744076
0.184799568,-2.155994958,53.97519669
0.30799928,-2.155994958,48.3015034
0.431198992,-2.155994958,42.02111298
0.554398704,-2.155994958,35.6108217
0.677598415,-2.155994958,29.73283156
0.800798127,-2.155994958,25.17399311
0.923997839,-2.155994958,22.67936774
1.047197551,-2.155994958,22.72658389
1.170397263,-2.155994958,25.34972541
1.293596975,-2.155994958,30.1133261
1.416796687,-2.155994958,36.25319808
1.539996399,-2.155994958,42.90692692
1.663196111,-2.155994958,49.32099701
1.786395823,-2.155994958,54.96982063
1.909595535,-2.155994958,59.56870014
2.032795246,-2.155994958,63.02302838
2.155994958,-2.155994958,65.33526106
2.27919467,-2.155994958,66.51344307
2.402394382,-2.155994958,66.51911475
2.525594094,-2.155994958,65.25920801
2.648793806,-2.155994958,62.65323701
2.771993518,-2.155994958,58.71560409
2.89519323,-2.155994958,53.64995135
3.018392942,-2.155994958,47.87423686
-3.141592654,-2.032795246,43.54703413
-3.018392942,-2.032795246,38.33183454
-2.89519323,-2.032795246,34.0325783
-2.771993518,-2.032795246,31.00270298
-2.648793806,-2.032795246,29.38896343
-2.525594094,-2.032795246,29.13173608
-2.402394382,-2.032795246,30.00235929
-2.27919467,-2.032795246,31.67057851
-2.155994958,-2.032795246,33.78341771
-2.032795246,-2.032795246,36.0391875
-1.909595535,-2.032795246,38.24332389
-1.786395823,-2.032795246,40.3418711
-1.663196111,-2.032795246,42.41483694
-1.539996399,-2.032795246,44.64294453
-1.416796687,-2.032795246,47.21864872
-1.293596975,-2.032795246,50.24715726
-1.170397263,-2.032795246,53.65507537
-1.047197551,-2.032795246,57.18575824
-0.923997839,-2.032795246,60.47269121
-0.800798127,-2.032795246,63.17464659
-0.677598415,-2.032795246,65.07091821
-0.554398704,-2.032795246,66.07223026
-0.431198992,-2.032795246,66.15987152
-0.30799928,-2.032795246,65.30699886
-0.184799568,-2.032795246,63.44912608
-0.061599856,-2.032795246,60.52010873
0.061599856,-2.032795246,56.51721258
0.184799568,-2.032795246,51.54139815
0.30799928,-2.032795246,45.8110098
0.431198992,-2.032795246,39.65120344
0.554398704,-2.032795246,33.50387769
0.677598415,-2.032795246,27.94431084
0.800798127,-2.032795246,23.65603674
0.923997839,-2.032795246,21.30917305
1.047197551,-2.032795246,21.36684735
1.170397263,-2.032795246,23.91282806
1.293596975,-2.032795246,28.59802447
1.416796687,-2.032795246,34.73746517
1.539996399,-2.032795246,41.50476831
1.663196111,-2.032795246,48.12957462
1.786395823,-2.032795246,54.03485475
1.909595535,-2.032795246,58.88323268
2.032795246,-2.032795246,62.54951625
2.155994958,-2.032795246,65.03340655
2.27919467,-2.032795246,66.35993276
2.402394382,-2.032795246,66.51430507
2.525594094,-2.032795246,65.42856081
2.648793806,-2.032795246,63.04060194
2.771993518,-2.032795246,59.37328574
2.89519323,-2.032795246,54.62060311
3.018392942,-2.032795246,49.16876017
-3.141592654,-1.909595535,44.60429429
-3.018392942,-1.909595535,39.57609271
-2.89519323,-1.909595535,35.39457548
-2.771993518,-1.909595535,32.41760521
-2.648793806,-1.909595535,30.80639986
-2.525594094,-1.909595535,30.51246286
-2.402394382,-1.909595535,31.31372567
-2.27919467,-1.909595535,32.89235699
-2.155994958,-1.909595535,34.91838066
-2.032795246,-1.909595535,37.11273349
-1.909595535,-1.909595535,39.28332041
-1.786395823,-1.909595535,41.34879067
-1.663196111,-1.909595535,43.3415945
-1.539996399,-1.909595535,45.40161603
-1.416796687,-1.909595535,47.7065861
-1.293596975,-1.909595535,50.3802757
-1.170397263,-1.909595535,53.39129522
-1.047197551,-1.909595535,56.53163015
-0.923997839,-1.909595535,59.47424499
-0.800798127,-1.909595535,61.89873518
-0.677598415,-1.909595535,63.58438571
-0.554398704,-1.909595535,64.42437709
-0.431198992,-1.909595535,64.37267991
-0.30799928,-1.909595535,63.37494195
-0.184799568,-1.909595535,61.35294208
-0.061599856,-1.909595535,58.25315471
0.061599856,-1.909595535,54.11219986
0.184799568,-1.909595535,49.08628117
0.30799928,-1.909595535,43.43460132
0.431198992,-1.909595535,37.48091604
0.554398704,-1.909595535,31.61185587
0.677598415,-1.909595535,26.31238418
0.800798127,-1.909595535,22.1796212
0.923997839,-1.909595535,19.84129514
1.047197551,-1.909595535,19.78340697
1.170397263,-1.909595535,22.16911968
1.293596975,-1.909595535,26.74954789
1.416796687,-1.909595535,32.91617234
1.539996399,-1.909595535,39.86402621
1.663196111,-1.909595535,46.78575985
1.786395823,-1.909595535,53.03196128
1.909595535,-1.909595535,58.19566904
2.032795246,-1.909595535,62.10969011
2.155994958,-1.909595535,64.7665926
2.27919467,-1.909595535,66.20996485
2.402394382,-1.909595535,66.45423633
2.525594094,-1.909595535,65.46393714
2.648793806,-1.909595535,63.20340253
2.771993518,-1.909595535,59.71338589
2.89519323,-1.909595535,55.18719257
3.018392942,-1.909595535,49.98753335
-3.141592654,-1.786395823,45.22145636
-3.018392942,-1.786395823,40.33713044
-2.89519323,-1.786395823,36.25477266
-2.771993518,-1.786395823,33.33092535
-2.648793806,-1.786395823,31.73050881
-2.525594094,-1.786395823,31.40480509
-2.402394382,-1.786395823,32.12998347
-2.27919467,-1.786395823,33.5949045
-2.155994958,-1.786395823,35.48825469
-2.032795246,-1.786395823,37.55208261
-1.909595535,-1.786395823,39.60245281
-1.786395823,-1.786395823,41.54478678
-1.663196111,-1.786395823,43.38286203
-1.539996399,-1.786395823,45.22875187
-1.416796687,-1.786395823,47.24638029
-1.293596975,-1.786395823,49.56779681
-1.170397263,-1.786395823,52.19136708
-1.047197551,-1.786395823,54.95142026
-0.923997839,-1.786395823,57.56201714
-0.800798127,-1.786395823,59.72860106
-0.677598415,-1.786395823,61.23513331
-0.554398704,-1.786395823,61.96161617
-0.431198992,-1.786395823,61.8401666
-0.30799928,-1.786395823,60.79633209
-0.184799568,-1.786395823,58.74357391
-0.061599856,-1.786395823,55.63807088
0.061599856,-1.786395823,51.54041155
0.184799568,-1.786395823,46.63556944
0.30799928,-1.786395823,41.19310357
0.431198992,-1.786395823,35.51094196
0.554398704,-1.786395823,29.91087646
0.677598415,-1.786395823,24.79583891
0.800798127,-1.786395823,20.69982384
0.923997839,-1.786395823,18.2397225
1.047197551,-1.786395823,17.9561092
1.170397263,-1.786395823,20.11529389
1.293596975,-1.786395823,24.57901782
1.416796687,-1.786395823,30.81164658
1.539996399,-1.786395823,38.01530065
1.663196111,-1.786395823,45.32590601
1.786395823,-1.786395823,52.00145019
1.909595535,-1.786395823,57.54930247
2.032795246,-1.786395823,61.74996813
2.155994958,-1.786395823,64.58584736
2.27919467,-1.786395823,66.12198914
2.402394382,-1.786395823,66.40873515
2.525594094,-1.786395823,65.44971005
2.648793806,-1.786395823,63.24076904
2.771993518,-1.786395823,59.84502971
2.89519323,-1.786395823,55.45986964
3.018392942,-1.786395823,50.43201899
-3.141592654,-1.663196111,45.43394411
-3.018392942,-1.663196111,40.64008948
-2.89519323,-1.663196111,36.63001607
-2.771993518,-1.663196111,33.75310574
-2.648793806,-1.663196111,32.16703341
-2.525594094,-1.663196111,31.81316422
-2.402394382,-1.663196111,32.46037768
-2.27919467,-1.663196111,33.80026214
-2.155994958,-1.663196111,35.53508912
-2.032795246,-1.663196111,37.42384149
-1.909595535,-1.663196111,39.29309742
-1.786395823,-1.663196111,41.04530414
-1.663196111,-1.663196111,42.66921675
-1.539996399,-1.663196111,44.25629115
-1.416796687,-1.663196111,45.95395241
-1.293596975,-1.663196111,47.89394851
-1.170397263,-1.663196111,50.0991575
-1.047197551,-1.663196111,52.44943845
-0.923997839,-1.663196111,54.70924907
-0.800798127,-1.663196111,56.6188002
-0.677598415,-1.663196111,57.97172136
-0.554398704,-1.663196111,58.63776184
-0.431198992,-1.663196111,58.5309102
-0.30799928,-1.663196111,57.56160254
-0.184799568,-1.663196111,55.63598221
-0.061599856,-1.663196111,52.71010822
0.061599856,-1.663196111,48.84523218
0.184799568,-1.663196111,44.22367872
0.30799928,-1.663196111,39.09673774
0.431198992,-1.663196111,33.72172204
0.554398704,-1.663196111,28.35933627
0.677598415,-1.663196111,23.34909192
0.800798127,-1.663196111,19.18716524
0.923997839,-1.663196111,16.50458095
1.047197551,-1.663196111,15.91729476
1.170397263,-1.663196111,17.80861705
1.293596975,-1.663196111,22.15574138
1.416796687,-1.663196111,28.49140918
1.539996399,-1.663196111,36.01298258
1.663196111,-1.663196111,43.78468677
1.786395823,-1.663196111,50.95782653
1.909595535,-1.663196111,56.94338397
2.032795246,-1.663196111,61.46263246
2.155994958,-1.663196111,64.48535687
2.27919467,-1.663196111,66.09935027
2.402394382,-1.663196111,66.39495563
2.525594094,-1.663196111,65.4181952
2.648793806,-1.663196111,63.19817787
2.771993518,-1.663196111,59.82124998
2.89519323,-1.663196111,55.49156864
3.018392942,-1.663196111,50.5481569
-3.141592654,-1.539996399,45.21224098
-3.018392942,-1.539996399,40.45332183
-2.89519323,-1.539996399,36.4902696
-2.771993518,-1.539996399,33.6601789
-2.648793806,-1.539996399,32.10340675
-2.525594094,-1.539996399,31.74323503
-2.402394382,-1.539996399,32.33675508
-2.27919467,-1.539996399,33.57364742
-2.155994958,-1.539996399,35.1618542
-2.032795246,-1.539996399,36.86870961
-1.909595535,-1.539996399,38.5284256
-1.786395823,-1.539996399,40.04542655
-1.663196111,-1.539996399,41.40247283
-1.539996399,-1.539996399,42.6757596
-1.416796687,-1.539996399,43.99598091
-1.293596975,-1.539996399,45.49268132
-1.170397263,-1.539996399,47.21613047
-1.047197551,-1.539996399,49.10143419
-0.923997839,-1.539996399,50.97586647
-0.800798127,-1.539996399,52.62382478
-0.677598415,-1.539996399,53.8527702
-0.554398704,-1.539996399,54.52345208
-0.431198992,-1.539996399,54.5329058
-0.30799928,-1.539996399,53.77702726
-0.184799568,-1.539996399,52.14930669
-0.061599856,-1.539996399,49.58908734
0.061599856,-1.539996399,46.1306035
0.184799568,-1.539996399,41.92310622
0.30799928,-1.539996399,37.17863267
0.431198992,-1.539996399,32.11168739
0.554398704,-1.539996399,26.9380467
0.677598415,-1.539996399,21.9594151
0.800798127,-1.539996399,17.65807779
0.923997839,-1.539996399,14.69523046
1.047197551,-1.539996399,13.77007701
1.170397263,-1.539996399,15.38421153
1.293596975,-1.539996399,19.62644742
1.416796687,-1.539996399,26.09041742
1.539996399,-1.539996399,33.95995923
1.663196111,-1.539996399,42.22086427
1.786395823,-1.539996399,49.91470596
1.909595535,-1.539996399,56.35511825
2.032795246,-1.539996399,61.2030024
2.155994958,-1.539996399,64.41350722
2.27919467,-1.539996399,66.09470544
2.402394382,-1.539996399,66.37538789
2.525594094,-1.539996399,65.34202028
2.648793806,-1.539996399,63.05532531
2.771993518,-1.539996399,59.62400264
2.89519323,-1.539996399,55.26206414
3.018392942,-1.539996399,50.31099793
-3.141592654,-1.416796687,44.49973002
-3.018392942,-1.416796687,39.73055265
-2.89519323,-1.416796687,35.80321664
-2.771993518,-1.416796687,33.03749025
-2.648793806,-1.416796687,31.54720441
-2.525594094,-1.416796687,31.23005735
-2.402394382,-1.416796687,31.82584214
-2.27919467,-1.416796687,33.0148985
-2.155994958,-1.416796687,34.49926906
-2.032795246,-1.416796687,36.0425777
-1.909595535,-1.416796687,37.4808504
-1.786395823,-1.416796687,38.72372429
-1.663196111,-1.416796687,39.75725142
-1.539996399,-1.416796687,40.65112401
-1.416796687,-1.416796687,41.52479549
-1.293596975,-1.416796687,42.50929725
-1.170397263,-1.416796687,43.68770181
-1.047197551,-1.416796687,45.05906703
-0.923997839,-1.416796687,46.52325942
-0.800798127,-1.416796687,47.91668577
-0.677598415,-1.416796687,49.06490811
-0.554398704,-1.416796687,49.82081209
-0.431198992,-1.416796687,50.06332993
-0.30799928,-1.416796687,49.66904873
-0.184799568,-1.416796687,48.50683211
-0.061599856,-1.416796687,46.47804319
0.061599856,-1.416796687,43.56284114
0.184799568,-1.416796687,39.85339621
0.30799928,-1.416796687,35.51222716
0.431198992,-1.416796687,30.72018241
0.554398704,-1.416796687,25.67238025
0.677598415,-1.416796687,20.6611623
0.800798127,-1.416796687,16.17624928
0.923997839,-1.416796687,12.91788506
1.047197551,-1.416796687,11.66561228
1.170397263,-1.416796687,13.02824584
1.293596975,-1.416796687,17.19162366
1.416796687,-1.416796687,23.79691462
1.539996399,-1.416796687,32.00713394
1.663196111,-1.416796687,40.7315546
1.786395823,-1.416796687,48.91165955
1.909595535,-1.416796687,55.77456388
2.032795246,-1.416796687,60.92708255
2.155994958,-1.416796687,64.30888927
2.27919467,-1.416796687,66.04199962
2.402394382,-1.416796687,66.28568209
2.525594094,-1.416796687,65.15924397
2.648793806,-1.416796687,62.75055993
2.771993518,-1.416796687,59.18992457
2.89519323,-1.416796687,54.70674085
3.018392942,-1.416796687,49.65772639
-3.141592654,-1.293596975,43.30616283
-3.018392942,-1.293596975,38.50399673
-2.89519323,-1.293596975,34.62142026
-2.771993518,-1.293596975,31.95568572
-2.648793806,-1.293596975,30.5860865
-2.525594094,-1.293596975,30.37744195
-2.402394382,-1.293596975,31.04473132
-2.27919467,-1.293596975,32.24850629
-2.155994958,-1.293596975,33.67158468
-2.032795246,-1.293596975,35.06242273
-1.909595535,-1.293596975,36.25546823
-1.786395823,-1.293596975,37.1727084
-1.663196111,-1.293596975,37.81801266
-1.539996399,-1.293596975,38.2692928
-1.416796687,-1.293596975,38.644648
-1.293596975,-1.293596975,39.08023049
-1.170397263,-1.293596975,39.69175555
-1.047197551,-1.293596975,40.54244414
-0.923997839,-1.293596975,41.60759437
-0.800798127,-1.293596975,42.78087933
-0.677598415,-1.293596975,43.91118231
-0.554398704,-1.293596975,44.84568892
-0.431198992,-1.293596975,45.44237252
-0.30799928,-1.293596975,45.54953498
-0.184799568,-1.293596975,44.99567689
-0.061599856,-1.293596975,43.6232189
0.061599856,-1.293596975,41.33761681
0.184799568,-1.293596975,38.15992826
0.30799928,-1.293596975,34.20292293
0.431198992,-1.293596975,29.62906226
0.554398704,-1.293596975,24.63840622
0.677598415,-1.293596975,19.54035837
0.800798127,-1.293596975,14.85010424
0.923997839,-1.293596975,11.31161372
1.047197551,-1.293596975,9.77533934
1.170397263,-1.293596975,10.93746393
1.293596975,-1.293596975,15.05745796
1.416796687,-1.293596975,21.80520889
1.539996399,-1.293596975,30.31620908
1.663196111,-1.293596975,39.43165096
1.786395823,-1.293596975,48.01230753
1.909595535,-1.293596975,55.21885017
2.032795246,-1.293596975,60.61669012
2.155994958,-1.293596975,64.13113238
2.27919467,-1.293596975,65.89001302
2.402394382,-1.293596975,66.07120064
2.525594094,-1.293596975,64.81587749
2.648793806,-1.293596975,62.23328866
2.771993518,-1.293596975,58.47545436
2.89519323,-1.293596975,53.79460765
3.018392942,-1.293596975,48.5758294
-3.141592654,-1.170397263,41.75613117
-3.018392942,-1.170397263,36.92431353
-2.89519323,-1.170397263,33.11130539
-2.771993518,-1.170397263,30.58734313
-2.648793806,-1.170397263,29.39119797
-2.525594094,-1.170397263,29.34775208
-2.402394382,-1.170397263,30.13781083
-2.27919467,-1.170397263,31.39036668
-2.155994958,-1.170397263,32.75802273
-2.032795246,-1.170397263,33.96898194
-1.909595535,-1.170397263,34.86087372
-1.786395823,-1.170397263,35.38288578
-1.663196111,-1.170397263,35.57736119
-1.539996399,-1.170397263,35.548546
-1.416796687,-1.170397263,35.42244634
-1.293596975,-1.170397263,35.33808597
-1.170397263,-1.170397263,35.43341449
-1.047197551,-1.170397263,35.82467182
-0.923997839,-1.170397263,36.55700351
-0.800798127,-1.170397263,37.58268718
-0.677598415,-1.170397263,38.7783893
-0.554398704,-1.170397263,39.98768116
-0.431198992,-1.170397263,41.04368853
-0.30799928,-1.170397263,41.75685506
-0.184799568,-1.170397263,41.90208673
-0.061599856,-1.170397263,41.24935984
0.061599856,-1.170397263,39.62049558
0.184799568,-1.170397263,36.96244894
0.30799928,-1.170397263,33.34441577
0.431198992,-1.170397263,28.92505275
0.554398704,-1.170397263,23.92947074
0.677598415,-1.170397263,18.70403142
0.800798127,-1.170397263,13.8028537
0.923997839,-1.170397263,10.01570251
1.047197551,-1.170397263,8.251775543
1.170397263,-1.170397263,9.271294523
1.293596975,-1.170397263,13.38090664
1.416796687,-1.170397263,20.25937658
1.539996399,-1.170397263,29.00970727
1.663196111,-1.170397263,38.41677235
1.786395823,-1.170397263,47.28354169
1.909595535,-1.170397263,54.72722625
2.032795246,-1.170397263,60.28721352
2.155994958,-1.170397263,63.87758496
2.27919467,-1.170397263,65.62526835
2.402394382,-1.170397263,65.7154147
2.525594094,-1.170397263,64.30053911
2.648793806,-1.170397263,61.50585721
2.771993518,-1.170397263,57.50560992
2.89519323,-1.170397263,52.5814244
3.018392942,-1.170397263,47.15627175
-3.141592654,-1.047197551,40.09966717
-3.018392942,-1.047197551,35.25607092
-2.89519323,-1.047197551,31.53240304
-2.771993518,-1.047197551,29.17109441
-2.648793806,-1.047197551,28.16906845
-2.525594094,-1.047197551,28.30643521
-2.402394382,-1.047197551,29.22096775
-2.27919467,-1.047197551,30.50052384
-2.155994958,-1.047197551,31.76324843
-2.032795246,-1.047197551,32.72205213
-1.909595535,-1.047197551,33.23173038
-1.786395823,-1.047197551,33.28854958
-1.663196111,-1.047197551,32.99420589
-1.539996399,-1.047197551,32.49396439
-1.416796687,-1.047197551,31.92574269
-1.293596975,-1.047197551,31.42284274
-1.170397263,-1.047197551,31.12809375
-1.047197551,-1.047197551,31.19217393
-0.923997839,-1.047197551,31.71740837
-0.800798127,-1.047197551,32.7095809
-0.677598415,-1.047197551,34.072169
-0.554398704,-1.047197551,35.64355487
-0.431198992,-1.047197551,37.22718814
-0.30799928,-1.047197551,38.58967373
-0.184799568,-1.047197551,39.4483047
-0.061599856,-1.047197551,39.50091191
0.061599856,-1.047197551,38.4915706
0.184799568,-1.047197551,36.30059103
0.30799928,-1.047197551,32.96248689
0.431198992,-1.047197551,28.64135801
0.554398704,-1.047197551,23.59798966
0.677598415,-1.047197551,18.22617821
0.800798127,-1.047197551,13.12588809
0.923997839,-1.047197551,9.131137217
1.047197551,-1.047197551,7.196125084
1.170397263,-1.047197551,8.122307401
1.293596975,-1.047197551,12.24005508
1.416796687,-1.047197551,19.22208507
1.539996399,-1.047197551,28.13851672
1.663196111,-1.047197551,37.73114707
1.786395823,-1.047197551,46.76616958
1.909595535,-1.047197551,54.33703828
2.032795246,-1.047197551,59.97097067
2.155994958,-1.047197551,63.57532372
2.27919467,-1.047197551,65.27321181
2.402394382,-1.047197551,65.2501924
2.525594094,-1.047197551,63.66321309
2.648793806,-1.047197551,60.64925321
2.771993518,-1.047197551,56.40361705
2.89519323,-1.047197551,51.23852769
3.018392942,-1.047197551,45.61582699
-3.141592654,-0.923997839,38.67572255
-3.018392942,-0.923997839,33.83280666
-2.89519323,-0.923997839,30.18676375
-2.771993518,-0.923997839,27.95799646
-2.648793806,-0.923997839,27.10771888
-2.525594094,-0.923997839,27.37211897
-2.402394382,-0.923997839,28.34212128
-2.27919467,-0.923997839,29.56199129
-2.155994958,-0.923997839,30.62131801
-2.032795246,-0.923997839,31.23255764
-1.909595535,-0.923997839,31.28611114
-1.786395823,-0.923997839,30.84144624
-1.663196111,-0.923997839,30.07025581
-1.539996399,-0.923997839,29.16237222
-1.416796687,-0.923997839,28.26471503
-1.293596975,-0.923997839,27.49505132
-1.170397263,-0.923997839,26.98574363
-1.047197551,-0.923997839,26.90366218
-0.923997839,-0.923997839,27.3916556
-0.800798127,-0.923997839,28.49578047
-0.677598415,-0.923997839,30.13620339
-0.554398704,-0.923997839,32.13816891
-0.431198992,-0.923997839,34.26970011
-0.30799928,-0.923997839,36.25315261
-0.184799568,-0.923997839,37.75575207
-0.061599856,-0.923997839,38.41835626
0.061599856,-0.923997839,37.92686895
0.184799568,-0.923997839,36.11119307
0.30799928,-0.923997839,32.98150749
0.431198992,-0.923997839,28.71171758
0.554398704,-0.923997839,23.60086772
0.677598415,-0.923997839,18.09228746
0.800798127,-0.923997839,12.83148789
0.923997839,-0.923997839,8.689155369
1.047197551,-0.923997839,6.646694323
1.170397263,-0.923997839,7.523607593
1.293596975,-0.923997839,11.65482168
1.416796687,-0.923997839,18.69988706
1.539996399,-0.923997839,27.70287462
1.663196111,-0.923997839,37.37827462
1.786395823,-0.923997839,46.4738188
1.909595535,-0.923997839,54.07379704
2.032795246,-0.923997839,59.70367191
2.155994958,-0.923997839,63.26915474
2.27919467,-0.923997839,64.89090605
2.402394382,-0.923997839,64.75353167
2.525594094,-0.923997839,63.01581937
2.648793806,-0.923997839,59.822692
2.771993518,-0.923997839,55.3850954
2.89519323,-0.923997839,50.03791884
3.018392942,-0.923997839,44.27115493
-3.141592654,-0.800798127,37.83528391
-3.018392942,-0.800798127,32.98222664
-2.89519323,-0.800798127,29.3517403
-2.771993518,-0.800798127,27.1555794
-2.648793806,-0.800798127,26.33494535
-2.525594094,-0.800798127,26.59277169
-2.402394382,-0.800798127,27.47937715
-2.27919467,-0.800798127,28.5035014
-2.155994958,-0.800798127,29.2415263
-2.032795246,-0.800798127,29.42485492
-1.909595535,-0.800798127,28.99377974
-1.786395823,-0.800798127,28.07375615
-1.663196111,-0.800798127,26.89869642
-1.539996399,-0.800798127,25.69181085
-1.416796687,-0.800798127,24.60127165
-1.293596975,-0.800798127,23.72529346
-1.170397263,-0.800798127,23.18121467
-1.047197551,-0.800798127,23.14136219
-0.923997839,-0.800798127,23.77244345
-0.800798127,-0.800798127,25.14100123
-0.677598415,-0.800798127,27.16546746
-0.554398704,-0.800798127,29.64435297
-0.431198992,-0.800798127,32.30375531
-0.30799928,-0.800798127,34.82504532
-0.184799568,-0.800798127,36.8400737
-0.061599856,-0.800798127,37.9567304
0.061599856,-0.800798127,37.8300326
0.184799568,-0.800798127,36.26156583
0.30799928,-0.800798127,33.24980578
0.431198992,-0.800798127,28.98229348
0.554398704,-0.800798127,23.79648428
0.677598415,-0.800798127,18.18381512
0.800798127,-0.800798127,12.83050621
0.923997839,-0.800798127,8.630272532
1.047197551,-0.800798127,6.567732025
1.170397263,-0.800798127,7.45325673
1.293596975,-0.800798127,11.60743496
1.416796687,-0.800798127,18.67436835
1.539996399,-0.800798127,27.68523739
1.663196111,-0.800798127,37.34708553
1.786395823,-0.800798127,46.40770543
1.909595535,-0.800798127,53.95466745
2.032795246,-0.800798127,59.51995309
2.155994958,-0.800798127,63.01301566
2.27919467,-0.800798127,64.55620145
2.402394382,-0.800798127,64.33541912
2.525594094,-0.800798127,62.51117828
2.648793806,-0.800798127,59.23133078
2.771993518,-0.800798127,54.71136706
2.89519323,-0.800798127,49.2910893
3.018392942,-0.800798127,43.46665884
-3.141592654,-0.677598415,37.83757308
-3.018392942,-0.677598415,32.93710256
-2.89519323,-0.677598415,29.2143843
-2.771993518,-0.677598415,26.89111005
-2.648793806,-0.677598415,25.912762
-2.525594094,-0.677598415,25.97112979
-2.402394382,-0.677598415,26.59436741
-2.27919467,-0.677598415,27.27372739
-2.155994958,-0.677598415,27.59199344
-2.032795246,-0.677598415,27.31527665
-1.909595535,-0.677598415,26.4362044
-1.786395823,-0.677598415,25.13150926
-1.663196111,-0.677598415,23.67125459
-1.539996399,-0.677598415,22.28972878
-1.416796687,-0.677598415,21.12854696
-1.293596975,-0.677598415,20.2723557
-1.170397263,-0.677598415,19.83246174
-1.047197551,-0.677598415,19.98575111
-0.923997839,-0.677598415,20.90933348
-0.800798127,-0.677598415,22.66896101
-0.677598415,-0.677598415,25.16054397
-0.554398704,-0.677598415,28.141158
-0.431198992,-0.677598415,31.28863083
-0.30799928,-0.677598415,34.24630594
-0.184799568,-0.677598415,36.6242969
-0.061599856,-0.677598415,38.0204596
0.061599856,-0.677598415,38.08523547
0.184799568,-0.677598415,36.61507331
0.30799928,-0.677598415,33.61148057
0.431198992,-0.677598415,29.28264077
0.554398704,-0.677598415,24.0078699
0.677598415,-0.677598415,18.3282198
0.800798127,-0.677598415,12.96717197
0.923997839,-0.677598415,8.82601836
1.047197551,-0.677598415,6.863738915
1.170397263,-0.677598415,7.847920061
1.293596975,-0.677598415,12.06050139
1.416796687,-0.677598415,19.12598033
1.539996399,-0.677598415,28.07748015
1.663196111,-0.677598415,37.63814931
1.786395823,-0.677598415,46.57772581
1.909595535,-0.677598415,54.00195329
2.032795246,-0.677598415,59.45839367
2.155994958,-0.677598415,62.86613219
2.27919467,-0.677598415,64.35375864
2.402394382,-0.677598415,64.11098022
2.525594094,-0.677598415,62.29952469
2.648793806,-0.677598415,59.0630446
2.771993518,-0.677598415,54.60607358
2.89519323,-0.677598415,49.24946686
3.018392942,-0.677598415,43.46719944
-3.141592654,-0.554398704,38.72767156
-3.018392942,-0.554398704,33.72300976
-2.89519323,-0.554398704,29.7782326
-2.771993518,-0.554398704,27.14490114
-2.648793806,-0.554398704,25.80196742
-2.525594094,-0.554398704,25.46075802
-2.402394382,-0.554398704,25.65416012
-2.27919467,-0.554398704,25.87748474
-2.155994958,-0.554398704,25.73473994
-2.032795246,-0.554398704,25.03073422
-1.909595535,-0.554398704,23.79815959
-1.786395823,-0.554398704,22.23719034
-1.663196111,-0.554398704,20.61944517
-1.539996399,-0.554398704,19.1668361
-1.416796687,-0.554398704,18.0119475
-1.293596975,-0.554398704,17.2413133
-1.170397263,-0.554398704,16.97866224
-1.047197551,-0.554398704,17.41151668
-0.923997839,-0.554398704,18.71828221
-0.800798127,-0.554398704,20.94636933
-0.677598415,-0.554398704,23.95250688
-0.554398704,-0.554398704,27.44135603
-0.431198992,-0.554398704,31.03753711
-0.30799928,-0.554398704,34.34654654
-0.184799568,-0.554398704,36.96376474
-0.061599856,-0.554398704,38.49177272
0.061599856,-0.554398704,38.59503171
0.184799568,-0.554398704,37.08381512
0.30799928,-0.554398704,33.97651567
0.431198992,-0.554398704,29.51135464
0.554398704,-0.554398704,24.11737699
0.677598415,-0.554398704,18.3929013
0.800798127,-0.554398704,13.10175292
0.923997839,-0.554398704,9.1421416
1.047197551,-0.554398704,7.419871331
1.170397263,-0.554398704,8.622802982
1.293596975,-0.554398704,12.96324381
1.416796687,-0.554398704,20.03480102
1.539996399,-0.554398704,28.8828022
1.663196111,-0.554398704,38.2697501
1.786395823,-0.554398704,47.01194194
1.909595535,-0.554398704,54.25238005
2.032795246,-0.554398704,59.5657491
2.155994958,-0.554398704,62.88726416
2.27919467,-0.554398704,64.35494983
2.402394382,-0.554398704,64.16252514
2.525594094,-0.554398704,62.4701867
2.648793806,-0.554398704,59.40879157
2.771993518,-0.554398704,55.15569839
2.89519323,-0.554398704,49.9895386
3.018392942,-0.554398704,44.33501317
-3.141592654,-0.431198992,40.26946001
-3.018392942,-0.431198992,35.09416895
-2.89519323,-0.431198992,30.80778071
-2.771993518,-0.431198992,27.70897086
-2.648793806,-0.431198992,25.83732092
-2.525594094,-0.431198992,24.95440134
-2.402394382,-0.431198992,24.62403156
-2.27919467,-0.431198992,24.36173799
-2.155994958,-0.431198992,23.79555365
-2.032795246,-0.431198992,22.75796226
-1.909595535,-0.431198992,21.29777517
-1.786395823,-0.431198992,19.60715244
-1.663196111,-0.431198992,17.92948863
-1.539996399,-0.431198992,16.46069565
-1.416796687,-0.431198992,15.33138939
-1.293596975,-0.431198992,14.65157801
-1.170397263,-0.431198992,14.57816387
-1.047197551,-0.431198992,15.31671763
-0.923997839,-0.431198992,17.0403739
-0.800798127,-0.431198992,19.76577781
-0.677598415,-0.431198992,23.30006354
-0.554398704,-0.431198992,27.28973256
-0.431198992,-0.431198992,31.30349125
-0.30799928,-0.431198992,34.90742123
-0.184799568,-0.431198992,37.68358966
-0.061599856,-0.431198992,39.2462656
0.061599856,-0.431198992,39.28430681
0.184799568,-0.431198992,37.63414669
0.30799928,-0.431198992,34.34026421
0.431198992,-0.431198992,29.67767048
0.554398704,-0.431198992,24.13207487
0.677598415,-0.431198992,18.36878633
0.800798127,-0.431198992,13.20068768
0.923997839,-0.431198992,9.521147191
1.047197551,-0.431198992,8.164916777
1.170397263,-0.431198992,9.70921837
1.293596975,-0.431198992,14.26530601
1.416796687,-0.431198992,21.37794537
1.539996399,-0.431198992,30.10602118
1.663196111,-0.431198992,39.2682098
1.786395823,-0.431198992,47.74985021
1.909595535,-0.431198992,54.75188934
2.032795246,-0.431198992,59.88942295
2.155994958,-0.431198992,63.12066627
2.27919467,-0.431198992,64.59446785
2.402394382,-0.431198992,64.50591617
2.525594094,-0.431198992,63.00843702
2.648793806,-0.431198992,60.21144585
2.771993518,-0.431198992,56.25206482
2.89519323,-0.431198992,51.35041129
3.018392942,-0.431198992,45.86380144
-3.141592654,-0.30799928,42.00455595
-3.018392942,-0.30799928,36.59041206
-2.89519323,-0.30799928,31.88124437
-2.771993518,-0.30799928,28.23466436
-2.648793806,-0.30799928,25.76751428
-2.525594094,-0.30799928,24.31027303
-2.402394382,-0.30799928,23.47192378
-2.27919467,-0.30799928,22.79222854
-2.155994958,-0.30799928,21.91343898
-2.032795246,-0.30799928,20.67432049
-1.909595535,-0.30799928,19.11227647
-1.786395823,-0.30799928,17.38593897
-1.663196111,-0.30799928,15.69473589
-1.539996399,-0.30799928,14.2103303
-1.416796687,-0.30799928,13.07843458
-1.293596975,-0.30799928,12.4560438
-1.170397263,-0.30799928,12.55028947
-1.047197551,-0.30799928,13.58857062
-0.923997839,-0.30799928,15.73134158
-0.800798127,-0.30799928,18.95457636
-0.677598415,-0.30799928,23.0091158
-0.554398704,-0.30799928,27.48101883
-0.431198992,-0.30799928,31.88284845
-0.30799928,-0.30799928,35.74118308
-0.184799568,-0.30799928,38.62606985
-0.061599856,-0.30799928,40.16841604
0.061599856,-0.30799928,40.08856291
0.184799568,-0.30799928,38.25685028
0.30799928,-0.30799928,34.74726373
0.431198992,-0.30799928,29.87082222
0.554398704,-0.30799928,24.1679875
0.677598415,-0.30799928,18.37365064
0.800798127,-0.30799928,13.35698163
0.923997839,-0.30799928,10.01252526
1.047197551,-0.30799928,9.101760322
1.170397263,-0.30799928,11.0769747
1.293596975,-0.30799928,15.92669154
1.416796687,-0.30799928,23.12741014
1.539996399,-0.30799928,31.74299782
1.663196111,-0.30799928,40.65328836
1.786395823,-0.30799928,48.82688241
1.909595535,-0.30799928,55.54028778
2.032795246,-0.30799928,60.46218883
2.155994958,-0.30799928,63.58109151
2.27919467,-0.30799928,65.05739094
2.402394382,-0.30799928,65.08327409
2.525594094,-0.30799928,63.79848266
2.648793806,-0.30799928,61.28303704
2.771993518,-0.30799928,57.62547686
2.89519323,-0.30799928,52.98093695
3.018392942,-0.30799928,47.63483025
-3.141592654,-0.184799568,43.43962933
-3.018392942,-0.184799568,37.72252431
-2.89519323,-0.184799568,32.56039747
-2.771993518,-0.184799568,28.37519234
-2.648793806,-0.184799568,25.3611219
-2.525594094,-0.184799568,23.41537969
-2.402394382,-0.184799568,22.1878327
-2.27919467,-0.184799568,21.233992
-2.155994958,-0.184799568,20.19426586
-2.032795246,-0.184799568,18.89145211
-1.909595535,-0.184799568,17.32888319
-1.786395823,-0.184799568,15.61694522
-1.663196111,-0.184799568,13.91061262
-1.539996399,-0.184799568,12.37267304
-1.416796687,-0.184799568,11.18790827
-1.293596975,-0.184799568,10.58229343
-1.170397263,-0.184799568,10.82360108
-1.047197551,-0.184799568,12.15837205
-0.923997839,-0.184799568,14.7228029
-0.800798127,-0.184799568,18.44078514
-0.677598415,-0.184799568,23.00022728
-0.554398704,-0.184799568,27.92578286
-0.431198992,-0.184799568,32.67625874
-0.30799928,-0.184799568,36.74243305
-0.184799568,-0.184799568,39.68750856
-0.061599856,-0.184799568,41.16688753
0.061599856,-0.184799568,40.94199604
0.184799568,-0.184799568,38.92576046
0.30799928,-0.184799568,35.22354079
0.431198992,-0.184799568,30.17488128
0.554398704,-0.184799568,24.3604786
0.677598415,-0.184799568,18.57184828
0.800798127,-0.184799568,13.73012882
0.923997839,-0.184799568,10.73756837
1.047197551,-0.184799568,10.29446197
1.170397263,-0.184799568,12.73530679
1.293596975,-0.184799568,17.92197879
1.416796687,-0.184799568,25.24908357
1.539996399,-0.184799568,33.77061004
1.663196111,-0.184799568,42.42009787
1.786395823,-0.184799568,50.25231229
1.909595535,-0.184799568,56.63014294
2.032795246,-0.184799568,61.28687339
2.155994958,-0.184799568,64.24873648
2.27919467,-0.184799568,65.68913194
2.402394382,-0.184799568,65.79331548
2.525594094,-0.184799568,64.68001414
2.648793806,-0.184799568,62.39244639
2.771993518,-0.184799568,58.96576875
2.89519323,-0.184799568,54.49176068
3.018392942,-0.184799568,49.19245877
-3.141592654,-0.061599856,44.25699393
-3.018392942,-0.061599856,38.18716747
-2.89519323,-0.061599856,32.59132336
-2.771993518,-0.061599856,27.95481131
-2.648793806,-0.061599856,24.53223629
-2.525594094,-0.061599856,22.26372933
-2.402394382,-0.061599856,20.81886683
-2.27919467,-0.061599856,19.75371748
-2.155994958,-0.061599856,18.69415013
-2.032795246,-0.061599856,17.43382385
-1.909595535,-0.061599856,15.93043799
-1.786395823,-0.061599856,14.24266211
-1.663196111,-0.061599856,12.49109874
-1.539996399,-0.061599856,10.85166828
-1.416796687,-0.061599856,9.572942466
-1.293596975,-0.061599856,8.966453056
-1.170397263,-0.061599856,9.362558503
-1.047197551,-0.061599856,11.01634361
-0.923997839,-0.061599856,14.02250065
-0.800798127,-0.061599856,18.23868337
-0.677598415,-0.061599856,23.28347424
-0.554398704,-0.061599856,28.62174315
-0.431198992,-0.061599856,33.66485236
-0.30799928,-0.061599856,37.87528203
-0.184799568,-0.061599856,40.81739144
-0.061599856,-0.061599856,42.18092937
0.061599856,-0.061599856,41.78151217
0.184799568,-0.061599856,39.58792621
0.30799928,-0.061599856,35.74323063
0.431198992,-0.061599856,30.6076683
0.554398704,-0.061599856,24.77928269
0.677598415,-0.061599856,19.07716707
0.800798127,-0.061599856,14.45311688
0.923997839,-0.061599856,11.81545491
1.047197551,-0.061599856,11.82113457
1.170397263,-0.061599856,14.71063202
1.293596975,-0.061599856,20.23350985
1.416796687,-0.061599856,27.69970888
1.539996399,-0.061599856,36.13878963
1.663196111,-0.061599856,44.52324763
1.786395823,-0.061599856,51.98786269
1.909595535,-0.061599856,57.98551798
2.032795246,-0.061599856,62.32187591
2.155994958,-0.061599856,65.06772548
2.27919467,-0.061599856,66.4119808
2.402394382,-0.061599856,66.53016221
2.525594094,-0.061599856,65.51316705
2.648793806,-0.061599856,63.36030396
2.771993518,-0.061599856,60.05010525
2.89519323,-0.061599856,55.61659437
3.018392942,-0.061599856,50.23498127
-3.141592654,0.061599856,44.42792386
-3.018392942,0.061599856,37.98476344
-2.89519323,0.061599856,32.01239354
-2.771993518,0.061599856,27.05306646
-2.648793806,0.061599856,23.39395496
-2.525594094,0.061599856,20.98218406
-2.402394382,0.061599856,19.47880504
-2.27919467,0.061599856,18.42680761
-2.155994958,0.061599856,17.43419753
-2.032795246,0.061599856,16.26487868
-1.909595535,0.061599856,14.8310765
-1.786395823,0.061599856,13.14504394
-1.663196111,0.061599856,11.30817128
-1.539996399,0.061599856,9.531398951
-1.416796687,0.061599856,8.146599345
-1.293596975,0.061599856,7.558343144
-1.170397263,0.061599856,8.151829525
-1.047197551,0.061599856,10.17247431
-0.923997839,0.061599856,13.65232802
-0.800798127,0.061599856,18.36880165
-0.677598415,0.061599856,23.8688361
-0.554398704,0.061599856,29.56492187
-0.431198992,0.061599856,34.83233256
-0.30799928,0.061599856,39.11452096
-0.184799568,0.061599856,41.98328846
-0.061599856,0.061599856,43.16908582
0.061599856,0.061599856,42.55359976
0.184799568,0.061599856,40.17755862
0.30799928,0.061599856,36.23528763
0.431198992,0.061599856,31.1073465
0.554398704,0.061599856,25.38874859
0.677598415,0.061599856,19.89044538
0.800798127,0.061599856,15.55989199
0.923997839,0.061599856,13.2960316
1.047197551,0.061599856,13.72344851
1.170397263,0.061599856,17.01582362
1.293596975,0.061599856,22.83568226
1.416796687,0.061599856,30.41793056
1.539996399,0.061599856,38.76147665
1.663196111,0.061599856,46.86522538
1.786395823,0.061599856,53.93526618
1.909595535,0.061599856,59.51291427
2.032795246,0.061599856,63.47968125
2.155994958,0.061599856,65.9549073
2.27919467,0.061599856,67.144919
2.402394382,0.061599856,67.2136455
2.525594094,0.061599856,66.21881649
2.648793806,0.061599856,64.11011701
2.771993518,0.061599856,60.80741851
2.89519323,0.061599856,56.29317712
3.018392942,0.061599856,50.71351078
-3.141592654,0.184799568,44.16751999
-3.018392942,0.184799568,37.37257236
-2.89519323,0.184799568,31.10345938
-2.771993518,0.184799568,25.94805673
-2.648793806,0.184799568,22.19744571
-2.525594094,0.184799568,19.77252674
-2.402394382,0.184799568,18.3035215
-2.27919467,0.184799568,17.31477763
-2.155994958,0.184799568,16.40237942
-2.032795246,0.184799568,15.30888396
-1.909595535,0.184799568,13.90901811
-1.786395823,0.184799568,12.1793486
-1.663196111,0.184799568,10.21854687
-1.539996399,0.184799568,8.290014201
-1.416796687,0.184799568,6.819047988
-1.293596975,0.184799568,6.299261557
-1.170397263,0.184799568,7.15354652
-1.047197551,0.184799568,9.594754059
-0.923997839,0.184799568,13.57214878
-0.800798127,0.184799568,18.77405068
-0.677598415,0.184799568,24.68118545
-0.554398704,0.184799568,30.66836984
-0.431198992,0.184799568,36.09091017
-0.30799928,0.184799568,40.38271435
-0.184799568,0.184799568,43.12478633
-0.061599856,0.184799568,44.08649282
0.061599856,0.184799568,43.2190518
0.184799568,0.184799568,40.64622023
0.30799928,0.184799568,36.62959594
0.431198992,0.184799568,31.57957998
0.554398704,0.184799568,26.08107843
0.677598415,0.184799568,20.90996391
0.800798127,0.184799568,16.97318394
0.923997839,0.184799568,15.13335152
1.047197551,0.184799568,15.97759491
1.170397263,0.184799568,19.62854691
1.293596975,0.184799568,25.68575024
1.416796687,0.184799568,33.32760191
1.539996399,0.184799568,41.52936518
1.663196111,0.184799568,49.31478011
1.786395823,0.184799568,55.9572174
1.909595535,0.184799568,61.08296863
2.032795246,0.184799568,64.64799006
2.155994958,0.184799568,66.81895916
2.27919467,0.184799568,67.81844888
2.402394382,0.184799568,67.79687795
2.525594094,0.184799568,66.77583438
2.648793806,0.184799568,64.65320984
2.771993518,0.184799568,61.29106088
2.89519323,0.184799568,56.62620015
3.018392942,0.184799568,50.78923213
-3.141592654,0.30799928,43.75948289
-3.018392942,0.30799928,36.67601415
-2.89519323,0.30799928,30.19752302
-2.771993518,0.30799928,24.94245505
-2.648793806,0.30799928,21.1845802
-2.525594094,0.30799928,18.79991745
-2.402394382,0.30799928,17.38028733
-2.27919467,0.30799928,16.43541178
-2.155994958,0.30799928,15.55933367
-2.032795246,0.30799928,14.48295019
-1.909595535,0.30799928,13.0531679
-1.786395823,0.30799928,11.22379066
-1.663196111,0.30799928,9.106959298
-1.539996399,0.30799928,7.030337689
-1.416796687,0.30799928,5.512454616
-1.293596975,0.30799928,5.121171954
-1.170397263,0.30799928,6.293589522
-1.047197551,0.30799928,9.187832864
-0.923997839,0.30799928,13.6572443
-0.800798127,0.30799928,19.30119865
-0.677598415,0.30799928,25.54743234
-0.554398704,0.30799928,31.75260202
-0.431198992,0.30799928,37.27059557
-0.30799928,0.30799928,41.53549169
-0.184799568,0.30799928,44.13639838
-0.061599856,0.30799928,44.87207086
0.061599856,0.30799928,43.75401936
0.184799568,0.30799928,40.98642559
0.30799928,0.30799928,36.90676866
0.431198992,0.30799928,31.9696559
0.554398704,0.30799928,26.75964714
0.677598415,0.30799928,22.01129807
0.800798127,0.30799928,18.56794295
0.923997839,0.30799928,17.22632943
1.047197551,0.30799928,18.51447693
1.170397263,0.30799928,22.50011085
1.293596975,0.30799928,28.73273857
1.416796687,0.30799928,36.35551619
1.539996399,0.30799928,44.33976727
1.663196111,0.30799928,51.7467556
1.786395823,0.30799928,57.92162812
1.909595535,0.30799928,62.57287676
2.032795246,0.30799928,65.72490857
2.155994958,0.30799928,67.58437799
2.27919467,0.30799928,68.3843054
2.402394382,0.30799928,68.25855944
2.525594094,0.30799928,67.19208578
2.648793806,0.30799928,65.03365878
2.771993518,0.30799928,61.59304907
2.89519323,0.30799928,56.76837338
3.018392942,0.30799928,50.68293044
-3.141592654,0.431198992,43.40521399
-3.018392942,0.431198992,36.12537706
-2.89519323,0.431198992,29.52238865
-2.771993518,0.431198992,24.2277221
-2.648793806,0.431198992,20.4872027
-2.525594094,0.431198992,18.13132161
-2.402394382,0.431198992,16.72144286
-2.27919467,0.431198992,15.76310556
-2.155994958,0.431198992,14.85625459
-2.032795246,0.431198992,13.72541194
-1.909595535,0.431198992,12.19729114
-1.786395823,0.431198992,10.21603283
-1.663196111,0.431198992,7.92191184
-1.539996399,0.431198992,5.712546327
-1.416796687,0.431198992,4.190053952
-1.293596975,0.431198992,3.974256019
-1.170397263,0.431198992,5.49205463
-1.047197551,0.431198992,8.831532069
-0.923997839,0.431198992,13.74810634
-0.800798127,0.431198992,19.76131497
-0.677598415,0.431198992,26.26257124
-0.554398704,0.431198992,32.60927063
-0.431198992,0.431198992,38.17203962
-0.30799928,0.431198992,42.39719239
-0.184799568,0.431198992,44.88367865
-0.061599856,0.431198992,45.44817531
0.061599856,0.431198992,44.14235197
0.184799568,0.431198992,41.23083389
0.30799928,0.431198992,37.11944417
0.431198992,0.431198992,32.31605768
0.554398704,0.431198992,27.42436467
0.677598415,0.431198992,23.15202998
0.800798127,0.431198992,20.27559764
0.923997839,0.431198992,19.50418262
1.047197551,0.431198992,21.27745698
1.170397263,0.431198992,25.58864099
1.293596975,0.431198992,31.93742916
1.416796687,0.431198992,39.45081238
1.539996399,0.431198992,47.12335386
1.663196111,0.431198992,54.07719475
1.786395823,0.431198992,59.74083286
1.909595535,0.431198992,63.9033824
2.032795246,0.431198992,66.64808549
2.155994958,0.431198992,68.20915934
2.27919467,0.431198992,68.82000631
2.402394382,0.431198992,68.59346919
2.525594094,0.431198992,67.47923775
2.648793806,0.431198992,65.28406424
2.771993518,0.431198992,61.77594329
2.89519323,0.431198992,56.82386601
3.018392942,0.431198992,50.54874639
-3.141592654,0.554398704,43.1555479
-3.018392942,0.554398704,35.77550553
-2.89519323,0.554398704,29.12225831
-2.771993518,0.554398704,23.82333987
-2.648793806,0.554398704,20.09477002
-2.525594094,0.554398704,17.73303938
-2.402394382,0.554398704,16.28487517
-2.27919467,0.554398704,15.26186223
-2.155994958,0.554398704,14.27188669
-2.032795246,0.554398704,13.03264829
-1.909595535,0.554398704,11.35588175
-1.786395823,0.554398704,9.188463476
-1.663196111,0.554398704,6.710747905
-1.539996399,0.554398704,4.390085101
-1.416796687,0.554398704,2.895793312
-1.293596975,0.554398704,2.874804416
-1.170397263,0.554398704,4.723777271
-1.047197551,0.554398704,8.455506305
-0.923997839,0.554398704,13.7364455
-0.800798127,0.554398704,20.02113037
-0.677598415,0.554398704,26.67988688
-0.554398704,0.554398704,33.08516527
-0.431198992,0.554398704,38.6405396
-0.30799928,0.554398704,42.82069035
-0.184799568,0.554398704,45.24351803
-0.061599856,0.554398704,45.73684428
0.061599856,0.554398704,44.3684235
0.184799568,0.554398704,41.43065715
0.30799928,0.554398704,37.37269616
0.431198992,0.554398704,32.75047
0.554398704,0.554398704,28.20150982
0.677598415,0.554398704,24.42832105
0.800798127,0.554398704,22.15199572
0.923997839,0.554398704,21.98586558
1.047197551,0.554398704,24.25878347
1.170397263,0.554398704,28.86927482
1.293596975,0.554398704,35.26357477
1.416796687,0.554398704,42.56906221
1.539996399,0.554398704,49.83109331
1.663196111,0.554398704,56.25762344
1.786395823,0.554398704,61.37252494
1.909595535,0.554398704,65.04286701
2.032795246,0.554398704,67.3984285
2.155994958,0.554398704,68.68610422
2.27919467,0.554398704,69.12754013
2.402394382,0.554398704,68.80925461
2.525594094,0.554398704,67.64784046
2.648793806,0.554398704,65.41715416
2.771993518,0.554398704,61.8566668
2.89519323,0.554398704,56.81828729
3.018392942,0.554398704,50.42517661
-3.141592654,0.677598415,42.94698548
-3.018392942,0.677598415,35.54606633
-2.89519323,0.677598415,28.90295495
-2.771993518,0.677598415,23.62764797
-2.648793806,0.677598415,19.9086696
-2.525594094,0.677598415,17.52247351
-2.402394382,0.677598415,16.01510225
-2.27919467,0.677598415,14.90902941
-2.155994958,0.677598415,13.81661511
-2.032795246,0.677598415,12.44581668
-1.909595535,0.677598415,10.598477
-1.786395823,0.677598415,8.235510105
-1.663196111,0.677598415,5.585080806
-1.539996399,0.677598415,3.178619834
-1.416796687,0.677598415,1.733153772
-1.293596975,0.677598415,1.900203496
-1.170397263,0.677598415,4.033456464
-1.047197551,0.677598415,8.073840269
-0.923997839,0.677598415,13.61386849
-0.800798127,0.677598415,20.05848155
-0.677598415,0.677598415,26.76769141
-0.554398704,0.677598415,33.13817542
-0.431198992,0.677598415,38.62083959
-0.30799928,0.677598415,42.73871511
-0.184799568,0.677598415,45.14551678
-0.061599856,0.677598415,45.68194417
0.061599856,0.677598415,44.41258872
0.184799568,0.677598415,41.62357966
0.30799928,0.677598415,37.7724254
0.431198992,0.677598415,33.44114032
0.554398704,0.677598415,29.29722871
0.677598415,0.677598415,26.04769577
0.800798127,0.677598415,24.36925349
0.923997839,0.677598415,24.78290576
1.047197551,0.677598415,27.50267903
1.170397263,0.677598415,32.32967408
1.293596975,0.677598415,38.66373067
1.416796687,0.677598415,45.65122971
1.539996399,0.677598415,52.4111079
1.663196111,0.677598415,58.25370622
1.786395823,0.677598415,62.80205483
1.909595535,0.677598415,65.99317794
2.032795246,0.677598415,67.98863988
2.155994958,0.677598415,69.0334058
2.27919467,0.677598415,69.32624348
2.402394382,0.677598415,68.92282995
2.525594094,0.677598415,67.70909658
2.648793806,0.677598415,65.43477597
2.771993518,0.677598415,61.82383619
2.89519323,0.677598415,56.72401003
3.018392942,0.677598415,50.26673219
-3.141592654,0.800798127,42.69702743
-3.018392942,0.800798127,35.32856313
-2.89519323,0.800798127,28.74143109
-2.771993518,0.800798127,23.51939352
-2.648793806,0.800798127,19.82611579
-2.525594094,0.800798127,17.42741843
-2.402394382,0.800798127,15.87519182
-2.27919467,0.800798127,14.70136606
-2.155994958,0.800798127,13.51709482
-2.032795246,0.800798127,12.01914705
-1.909595535,0.800798127,10.00591815
-1.786395823,0.800798127,7.461426875
-1.663196111,0.800798127,4.663958907
-1.539996399,0.800798127,2.1992969
-1.416796687,0.800798127,0.813494701
-1.293596975,0.800798127,1.145798966
-1.170397263,0.800798127,3.501335447
-1.047197551,0.800798127,7.756860246
-0.923997839,0.800798127,13.44632281
-0.800798127,0.800798127,19.93811529
-0.677598415,0.800798127,26.58911529
-0.554398704,0.800798127,32.82623221
-0.431198992,0.800798127,38.15946578
-0.30799928,0.800798127,42.1794547
-0.184799568,0.800798127,44.5949641
-0.061599856,0.800798127,45.26891802
0.061599856,0.800798127,44.25512613
0.184799568,0.800798127,41.81047406
0.30799928,0.800798127,38.36812727
0.431198992,0.800798127,34.50240869
0.554398704,0.800798127,30.8828948
0.677598415,0.800798127,28.20525219
0.800798127,0.800798127,27.09903048
0.923997839,0.800798127,28.00182765
1.047197551,0.800798127,31.03156489
1.170397263,0.800798127,35.91751278
1.293596975,0.800798127,42.04119516
1.416796687,0.800798127,48.59263053
1.539996399,0.800798127,54.77927374
1.663196111,0.800798127,60.01525985
1.786395823,0.800798127,64.01238453
1.909595535,0.800798127,66.76145534
2.032795246,0.800798127,68.43917434
2.155994958,0.800798127,69.27642968
2.27919467,0.800798127,69.44158386
2.402394382,0.800798127,68.95738765
2.525594094,0.800798127,67.68197536
2.648793806,0.800798127,65.34806263
2.771993518,0.800798127,61.67465747
2.89519323,0.800798127,56.51684679
3.018392942,0.800798127,50.02125245
-3.141592654,0.923997839,42.35478357
-3.018392942,0.923997839,35.04767693
-2.89519323,0.923997839,28.54848516
-2.771993518,0.923997839,23.41021143
-2.648793806,0.923997839,19.77250343
-2.525594094,0.923997839,17.39360182
-2.402394382,0.923997839,15.83114826
-2.27919467,0.923997839,14.62253588
-2.155994958,0.923997839,13.37438339
-2.032795246,0.923997839,11.77467733
-1.909595535,0.923997839,9.625231378
-1.786395823,0.923997839,6.937205373
-1.663196111,0.923997839,4.033828242
-1.539996399,0.923997839,1.541542295
-1.416796687,0.923997839,0.2193916
-1.293596975,0.923997839,0.684449478
-1.170397263,0.923997839,3.194135069
-1.047197551,0.923997839,7.570959612
-0.923997839,0.923997839,13.3047161
-0.800798127,0.923997839,19.73942837
-0.677598415,0.923997839,26.23575263
-0.554398704,0.923997839,32.25529707
-0.431198992,0.923997839,37.37312208
-0.30799928,0.923997839,41.25822134
-0.184799568,0.923997839,43.68717944
-0.061599856,0.923997839,44.55682939
0.061599856,0.923997839,43.9152619
0.184799568,0.923997839,41.98484513
0.30799928,0.923997839,39.15408922
0.431198992,0.923997839,35.95412582
0.554398704,0.923997839,33.01184677
0.677598415,0.923997839,30.97218693
0.800798127,0.923997839,30.39801571
0.923997839,0.923997839,31.65219801
1.047197551,0.923997839,34.79221225
1.170397263,0.923997839,39.52547616
1.293596975,0.923997839,45.26238977
1.416796687,0.923997839,51.26640318
1.539996399,0.923997839,56.84006181
1.663196111,0.923997839,61.48738925
1.786395823,0.923997839,64.98492398
1.909595535,0.923997839,67.35385684
2.032795246,0.923997839,68.7689099
2.155994958,0.923997839,69.43830125
2.27919467,0.923997839,69.4970783
2.402394382,0.923997839,68.9361523
2.525594094,0.923997839,67.58943474
2.648793806,0.923997839,65.17794632
2.771993518,0.923997839,61.42309567
2.89519323,0.923997839,56.19605468
3.018392942,0.923997839,49.66511989
-3.141592654,1.047197551,41.90140449
-3.018392942,1.047197551,34.66855105
-2.89519323,1.047197551,28.27843012
-2.771993518,1.047197551,23.2500741
-2.648793806,1.047197551,19.6972593
-2.525594094,1.047197551,17.36954433
-2.402394382,1.047197551,15.82860939
-2.27919467,1.047197551,14.61643537
-2.155994958,1.047197551,13.33779855
-2.032795246,1.047197551,11.67837027
-1.909595535,1.047197551,9.448455753
-1.786395823,1.047197551,6.682908758
-1.663196111,1.047197551,3.735816278
-1.539996399,1.047197551,1.255698467
-1.416796687,1.047197551,0
-1.293596975,1.047197551,0.559018978
-1.170397263,1.047197551,3.148468004
-1.047197551,1.047197551,7.549543904
-0.923997839,1.047197551,13.22435793
-0.800798127,1.047197551,19.50836909
-0.677598415,1.047197551,25.77648442
-0.554398704,1.047197551,31.52883513
-0.431198992,1.047197551,36.40292443
-0.30799928,1.047197551,40.14268373
-0.184799568,1.047197551,42.59206485
-0.061599856,1.047197551,43.68902276
0.061599856,1.047197551,43.48782636
0.184799568,1.047197551,42.18514918
0.30799928,1.047197551,40.11886899
0.431198992,1.047197551,37.7493066
0.554398704,1.047197551,35.61520399
0.677598415,1.047197551,34.26449041
0.800798127,1.047197551,34.1670711
0.923997839,1.047197551,35.61806805
1.047197551,1.047197551,38.65500726
1.170397263,1.047197551,43.02117479
1.293596975,1.047197551,48.20819849
1.416796687,1.047197551,53.58123647
1.539996399,1.047197551,58.53713996
1.663196111,1.047197551,62.64661564
1.786395823,1.047197551,65.72035222
1.909595535,1.047197551,67.78445932
2.032795246,1.047197551,68.99666836
2.155994958,1.047197551,69.53764122
2.27919467,1.047197551,69.50999795
2.402394382,1.047197551,68.87618695
2.525594094,1.047197551,67.44971756
2.648793806,1.047197551,64.94372713
2.771993518,1.047197551,61.08682635
2.89519323,1.047197551,55.77244086
3.018392942,1.047197551,49.19623169
-3.141592654,1.170397263,41.31265707
-3.018392942,1.170397263,34.15817192
-2.89519323,1.170397263,27.89006577
-2.771993518,1.170397263,22.98972736
-2.648793806,1.170397263,19.54158961
-2.525594094,1.170397263,17.2847193
-2.402394382,1.170397263,15.7853933
-2.27919467,1.170397263,14.5945277
-2.155994958,1.170397263,13.32322018
-2.032795246,1.170397263,11.66325625
-1.909595535,1.170397263,9.435242235
-1.786395823,1.170397263,6.687089567
-1.663196111,1.170397263,3.781686124
-1.539996399,1.170397263,1.365452369
-1.416796687,1.170397263,0.17836666
-1.293596975,1.170397263,0.78200841
-1.170397263,1.170397263,3.361537212
-1.047197551,1.170397263,7.676493263
-0.923997839,1.170397263,13.18502344
-0.800798127,1.170397263,19.23692539
-0.677598415,1.170397263,25.23594274
-0.554398704,1.170397263,30.72241681
-0.431198992,1.170397263,35.38380138
-0.30799928,1.170397263,39.02081519
-0.184799568,1.170397263,41.52994907
-0.061599856,1.170397263,42.88805375
0.061599856,1.170397263,43.16471242
0.184799568,1.170397263,42.54264238
0.30799928,1.170397263,41.31162615
0.431198992,1.170397263,39.84709096
0.554398704,1.170397263,38.57108513
0.677598415,1.170397263,37.9038985
0.800798127,1.170397263,38.20596132
0.923997839,1.170397263,39.71224957
1.047197551,1.170397263,42.47247627
1.170397263,1.170397263,46.31003098
1.293596975,1.170397263,50.8364659
1.416796687,1.170397263,55.53677946
1.539996399,1.170397263,59.89665818
1.663196111,1.170397263,63.53072364
1.786395823,1.170397263,66.25695305
1.909595535,1.170397263,68.08553679
2.032795246,1.170397263,69.1464408
2.155994958,1.170397263,69.5904109
2.27919467,1.170397263,69.48992668
2.402394382,1.170397263,68.78258748
2.525594094,1.170397263,67.26471667
2.648793806,1.170397263,64.64455742
2.771993518,1.170397263,60.66176919
2.89519323,1.170397263,55.23708322
3.018392942,1.170397263,48.59879019
-3.141592654,1.293596975,40.52252799
-3.018392942,1.293596975,33.44198085
-2.89519323,1.293596975,27.29963132
-2.771993518,1.293596975,22.53581555
-2.648793806,1.293596975,19.20304126
-2.525594094,1.293596975,17.0297503
-2.402394382,1.293596975,15.58964978
-2.27919467,1.293596975,14.44904374
-2.155994958,1.293596975,13.23439824
-2.032795246,1.293596975,11.65101296
-1.909595535,1.293596975,9.529067344
-1.786395823,1.293596975,6.915732984
-1.663196111,1.293596975,4.157045038
-1.539996399,1.293596975,1.869067581
-1.416796687,1.293596975,0.755242422
-1.293596975,1.293596975,1.346227517
-1.170397263,1.293596975,3.811755865
-1.047197551,1.293596975,7.917198411
-0.923997839,1.293596975,13.14902255
-0.800798127,1.293596975,18.90050883
-0.677598415,1.293596975,24.62084981
-0.554398704,1.293596975,29.88953544
-0.431198992,1.293596975,34.42510761
-0.30799928,1.293596975,38.05841769
-0.184799568,1.293596975,40.71443548
-0.061599856,1.293596975,42.39614692
0.061599856,1.293596975,43.18641274
0.184799568,1.293596975,43.25657107
0.30799928,1.293596975,42.85012216
0.431198992,1.293596975,42.2565292
0.554398704,1.293596975,41.77876587
0.677598415,1.293596975,41.70910278
0.800798127,1.293596975,42.30410569
0.923997839,1.293596975,43.75080265
1.047197551,1.293596975,46.12842325
1.170397263,1.293596975,49.35833191
1.293596975,1.293596975,53.1846196
1.416796687,1.293596975,57.21420323
1.539996399,1.293596975,61.0134478
1.663196111,1.293596975,64.22574605
1.786395823,1.293596975,66.66068948
1.909595535,1.293596975,68.30097143
2.032795246,1.293596975,69.24321665
2.155994958,1.293596975,69.60697474
2.27919467,1.293596975,69.43591184
2.402394382,1.293596975,68.64465432
2.525594094,1.293596975,67.01409094
2.648793806,1.293596975,64.25019786
2.771993518,1.293596975,60.10792436
2.89519323,1.293596975,54.54071764
3.018392942,1.293596975,47.81499987
-3.141592654,1.416796687,39.44002835
-3.018392942,1.416796687,32.42005935
-2.89519323,1.416796687,26.39708832
-2.771993518,1.416796687,21.76926036
-2.648793806,1.416796687,18.55809172
-2.525594094,1.416796687,16.48379915
-2.402394382,1.416796687,15.13005238
-2.27919467,1.416796687,14.08165732
-2.155994958,1.416796687,12.98483486
-2.032795246,1.416796687,11.56246023
-1.909595535,1.416796687,9.653413474
-1.786395823,1.416796687,7.293279171
-1.663196111,1.416796687,4.788908693
-1.539996399,1.416796687,2.698388343
-1.416796687,1.416796687,1.667438035
-1.293596975,1.416796687,2.191544137
-1.170397263,1.416796687,4.440990759
-1.047197551,1.416796687,8.218423669
-0.923997839,1.416796687,13.07499229
-0.800798127,1.416796687,18.47781745
-0.677598415,1.416796687,23.93690654
-0.554398704,1.416796687,29.06774542
-0.431198992,1.416796687,33.60035802
-0.30799928,1.416796687,37.36857521
-0.184799568,1.416796687,40.29944032
-0.061599856,1.416796687,42.40126998
0.061599856,1.416796687,43.75481986
0.184799568,1.416796687,44.508725
0.30799928,1.416796687,44.85597779
0.431198992,1.416796687,45.00784883
0.554398704,1.416796687,45.16965434
0.677598415,1.416796687,45.53533138
0.800798127,1.416796687,46.28676543
0.923997839,1.416796687,47.5823084
1.047197551,1.416796687,49.53512948
1.170397263,1.416796687,52.15654402
1.293596975,1.416796687,55.30900886
1.416796687,1.416796687,58.70698914
1.539996399,1.416796687,61.98732522
1.663196111,1.416796687,64.81619727
1.786395823,1.416796687,66.99153424
1.909595535,1.416796687,68.46648072
2.032795246,1.416796687,69.30309106
2.155994958,1.416796687,69.58834079
2.27919467,1.416796687,69.33636583
2.402394382,1.416796687,68.43844117
2.525594094,1.416796687,66.6605983
2.648793806,1.416796687,63.70964516
2.771993518,1.416796687,59.36148847
2.89519323,1.416796687,53.60882111
3.018392942,1.416796687,46.76176439
-3.141592654,1.539996399,37.97012344
-3.018392942,1.539996399,30.98787648
-2.89519323,1.539996399,25.06780067
-2.771993518,1.539996399,20.56825282
-2.648793806,1.539996399,17.48487402
-2.525594094,1.539996399,15.53365843
-2.402394382,1.539996399,14.30779494
-2.27919467,1.539996399,13.40683622
-2.155994958,1.539996399,12.4936769
-2.032795246,1.539996399,11.30890759
-1.909595535,1.539996399,9.701185138
-1.786395823,1.539996399,7.691068831
-1.663196111,1.539996399,5.533101315
-1.539996399,1.539996399,3.706099792
-1.416796687,1.539996399,2.778113898
-1.293596975,1.539996399,3.202518894
-1.170397263,1.539996399,5.162213182
-1.047197551,1.539996399,8.524855191
-0.923997839,1.539996399,12.93885185
-0.800798127,1.539996399,17.97109059
-0.677598415,1.539996399,23.20486176
-0.554398704,1.539996399,28.28874833
-0.431198992,1.539996399,32.94896752
-0.30799928,1.539996399,37.00012776
-0.184799568,1.539996399,40.34726424
-0.061599856,1.539996399,42.97949519
0.061599856,1.539996399,44.95145242
0.184799568,1.539996399,46.36849976
0.30799928,1.539996399,47.3640881
0.431198992,1.539996399,48.08256313
0.554398704,1.539996399,48.66494588
0.677598415,1.539996399,49.25301971
0.800798127,1.539996399,49.99787441
0.923997839,1.539996399,51.05603748
1.047197551,1.539996399,52.57546787
1.170397263,1.539996399,54.63636365
1.293596975,1.539996399,57.1887271
1.416796687,1.539996399,60.02765373
1.539996399,1.539996399,62.84589918
1.663196111,1.539996399,65.32998023
1.786395823,1.539996399,67.26952581
1.909595535,1.539996399,68.59174612
2.032795246,1.539996399,69.325598
2.155994958,1.539996399,69.52425947
2.27919467,1.539996399,69.17071253
2.402394382,1.539996399,68.13169341
2.525594094,1.539996399,66.15911789
2.648793806,1.539996399,62.96484049
2.771993518,1.539996399,58.35282035
2.89519323,1.539996399,52.3622867
3.018392942,1.539996399,45.35207983
-3.141592654,1.663196111,36.05074776
-3.018392942,1.663196111,29.0790472
-2.89519323,1.663196111,23.24182353
-2.771993518,1.663196111,18.86244978
-2.648793806,1.663196111,15.91732369
-2.525594094,1.663196111,14.1210329
-2.402394382,1.663196111,13.07162577
-2.27919467,1.663196111,12.37357057
-2.155994958,1.663196111,11.69779287
-2.032795246,1.663196111,10.80052118
-1.909595535,1.663196111,9.544151052
-1.786395823,1.663196111,7.939107956
-1.663196111,1.663196111,6.186155918
-1.539996399,1.663196111,4.6741786
-1.416796687,1.663196111,3.879111461
-1.293596975,1.663196111,4.20382633
-1.170397263,1.663196111,5.848659417
-1.047197551,1.663196111,8.763610115
-0.923997839,1.663196111,12.71637481
-0.800798127,1.663196111,17.3912307
-0.677598415,1.663196111,22.45366878
-0.554398704,1.663196111,27.58379279
-0.431198992,1.663196111,32.4936942
-0.30799928,1.663196111,36.96119316
-0.184799568,1.663196111,40.84784563
-0.061599856,1.663196111,44.09949622
0.061599856,1.663196111,46.72112448
0.184799568,1.663196111,48.75646912
0.30799928,1.663196111,50.27293381
0.431198992,1.663196111,51.35998747
0.554398704,1.663196111,52.12626899
0.677598415,1.663196111,52.70610139
0.800798127,1.663196111,53.26460756
0.923997839,1.663196111,53.98817426
1.047197551,1.663196111,55.06613179
1.170397263,1.663196111,56.62910176
1.293596975,1.663196111,58.68118375
1.416796687,1.663196111,61.06506058
1.539996399,1.663196111,63.50816067
1.663196111,1.663196111,65.7107141
1.786395823,1.663196111,67.4558538
1.909595535,1.663196111,68.6486698
2.032795246,1.663196111,69.28723369
2.155994958,1.663196111,69.3906904
2.27919467,1.663196111,68.91043113
2.402394382,1.663196111,67.689035
2.525594094,1.663196111,65.46700874
2.648793806,1.663196111,61.96702767
2.771993518,1.663196111,57.02887618
2.89519323,1.663196111,50.7452226
3.018392942,1.663196111,43.52740264
-3.141592654,1.786395823,33.66429365
-3.018392942,1.786395823,26.68416812
-2.89519323,1.786395823,20.92083746
-2.771993518,1.786395823,16.66571284
-2.648793806,1.786395823,13.87860245
-2.525594094,1.786395823,12.27103863
-2.402394382,1.786395823,11.43857615
-2.27919467,1.786395823,10.98036146
-2.155994958,1.786395823,10.56749184
-2.032795246,1.786395823,9.970830441
-1.909595535,1.786395823,9.072358861
-1.786395823,1.786395823,7.88192102
-1.663196111,1.786395823,6.553887103
-1.539996399,1.786395823,5.38755839
-1.416796687,1.786395823,4.760823089
-1.293596975,1.786395823,5.018892215
-1.170397263,1.786395823,6.377158795
-1.047197551,1.786395823,8.87249745
-0.923997839,1.786395823,12.40062591
-0.800798127,1.786395823,16.77133895
-0.677598415,1.786395823,21.73727335
-0.554398704,1.786395823,27.00883198
-0.431198992,1.786395823,32.27586843
-0.30799928,1.786395823,37.26320813
-0.184799568,1.786395823,41.76857879
-0.061599856,1.786395823,45.6742027
0.061599856,1.786395823,48.92066708
0.184799568,1.786395823,51.48445504
0.30799928,1.786395823,53.37071074
0.431198992,1.786395823,54.6272328
0.554398704,1.786395823,55.3528189
0.677598415,1.786395823,55.70485485
0.800798127,1.786395823,55.8966045
0.923997839,1.786395823,56.17512328
1.047197551,1.786395823,56.78634535
1.170397263,1.786395823,57.90489629
1.293596975,1.786395823,59.5639632
1.416796687,1.786395823,61.62191919
1.539996399,1.786395823,63.81380079
1.663196111,1.786395823,65.83828031
1.786395823,1.786395823,67.4660859
1.909595535,1.786395823,68.57941924
2.032795246,1.786395823,69.14631305
2.155994958,1.786395823,69.15297026
2.27919467,1.786395823,68.5215307
2.402394382,1.786395823,67.07430952
2.525594094,1.786395823,64.54652491
2.648793806,1.786395823,60.67932739
2.771993518,1.786395823,55.35614285
2.89519323,1.786395823,48.7289037
3.018392942,1.786395823,41.26416971
-3.141592654,1.909595535,30.85789434
-3.018392942,1.909595535,23.87590629
-2.89519323,1.909595535,18.20626271
-2.771993518,1.909595535,14.10518197
-2.648793806,1.909595535,11.50991378
-2.525594094,1.909595535,10.12127049
-2.402394382,1.909595535,9.525610412
-2.27919467,1.909595535,9.312913999
-2.155994958,1.909595535,9.153787084
-2.032795246,1.909595535,8.836069481
-1.909595535,1.909595535,8.266216479
-1.786395823,1.909595535,7.461368231
-1.663196111,1.909595535,6.539553665
-1.539996399,1.909595535,5.719068649
-1.416796687,1.909595535,5.284109837
-1.293596975,1.909595535,5.521204114
-1.170397263,1.909595535,6.656601075
-1.047197551,1.909595535,8.809686948
-0.923997839,1.909595535,12.00113341
-0.800798127,1.909595535,16.1640887
-0.677598415,1.909595535,21.13607432
-0.554398704,1.909595535,26.65236502
-0.431198992,1.909595535,32.37007604
-0.30799928,1.909595535,37.94388188
-0.184799568,1.909595535,43.08913912
-0.061599856,1.909595535,47.61127394
0.061599856,1.909595535,51.38520816
0.184799568,1.909595535,54.33137176
0.30799928,1.909595535,56.40955562
0.431198992,1.909595535,57.64119004
0.554398704,1.909595535,58.1271772
0.677598415,1.909595535,58.06081556
0.800798127,1.909595535,57.72175101
0.923997839,1.909595535,57.4419443
1.047197551,1.909595535,57.54453699
1.170397263,1.909595535,58.25463933
1.293596975,1.909595535,59.62253528
1.416796687,1.909595535,61.49699865
1.539996399,1.909595535,63.59135693
1.663196111,1.909595535,65.5792127
1.786395823,1.909595535,67.20372759
1.909595535,1.909595535,68.31695854
2.032795246,1.909595535,68.85518199
2.155994958,1.909595535,68.77377678
2.27919467,1.909595535,67.97094677
2.402394382,1.909595535,66.25665808
2.525594094,1.909595535,63.37084932
2.648793806,1.909595535,59.08303808
2.771993518,1.909595535,53.32815843
2.89519323,1.909595535,46.32212457
3.018392942,1.909595535,38.58869162
-3.141592654,2.032795246,27.73736741
-3.018392942,2.032795246,20.79694957
-2.89519323,2.032795246,15.27696136
-2.771993518,2.032795246,11.38717291
-2.648793806,2.032795246,9.027990004
-2.525594094,2.032795246,7.878675514
-2.402394382,2.032795246,7.514831483
-2.27919467,2.032795246,7.52405334
-2.155994958,2.032795246,7.585051862
-2.032795246,2.032795246,7.507059153
-1.909595535,2.032795246,7.220752737
-1.786395823,2.032795246,6.750848383
-1.663196111,2.032795246,6.186004607
-1.539996399,2.032795246,5.676993943
-1.416796687,2.032795246,5.429609425
-1.293596975,2.032795246,5.681399299
-1.170397263,2.032795246,6.67003111
-1.047197551,2.032795246,8.589901087
-0.923997839,2.032795246,11.57427754
-0.800798127,2.032795246,15.66568634
-0.677598415,2.032795246,20.77256774
-0.554398704,2.032795246,26.64083962
-0.431198992,2.032795246,32.87993769
-0.30799928,2.032795246,39.05850116
-0.184799568,2.032795246,44.79756042
-0.061599856,2.032795246,49.82371313
0.061599856,2.032795246,53.95878349
0.184799568,2.032795246,57.09179439
0.30799928,2.032795246,59.16351108
0.431198992,2.032795246,60.18585764
0.554398704,2.032795246,60.26644145
0.677598415,2.032795246,59.6335491
0.800798127,2.032795246,58.63628243
0.923997839,2.032795246,57.70433745
1.047197551,2.032795246,57.25624675
1.170397263,2.032795246,57.58084456
1.293596975,2.032795246,58.74534571
1.416796687,2.032795246,60.57383467
1.539996399,2.032795246,62.7322334
1.663196111,2.032795246,64.84233622
1.786395823,2.032795246,66.59833309
1.909595535,2.032795246,67.80947751
2.032795246,2.032795246,68.37585115
2.155994958,2.032795246,68.22416238
2.27919467,2.032795246,67.2355249
2.402394382,2.032795246,65.21806131
2.525594094,2.032795246,61.92943446
2.648793806,2.032795246,57.17991694
2.771993518,2.032795246,50.96482683
2.89519323,2.032795246,43.56859813
3.018392942,2.032795246,35.57342518
-3.141592654,2.155994958,24.46782625
-3.018392942,2.155994958,17.64818251
-2.89519323,2.155994958,12.36090813
-2.771993518,2.155994958,8.752607789
-2.648793806,2.155994958,6.670388471
-2.525594094,2.155994958,5.764620586
-2.402394382,2.155994958,5.607360645
-2.27919467,2.155994958,5.800461654
-2.155994958,2.155994958,6.044760218
-2.032795246,2.155994958,6.172826758
-1.909595535,2.155994958,6.13069883
-1.786395823,2.155994958,5.940983079
-1.663196111,2.155994958,5.664615899
-1.539996399,2.155994958,5.401103628
-1.416796687,2.155994958,5.303118338
-1.293596975,2.155994958,5.581478485
-1.170397263,2.155994958,6.494917253
-1.047197551,2.155994958,8.306744987
-0.923997839,2.155994958,11.24310741
-0.800798127,2.155994958,15.42827213
-0.677598415,2.155994958,20.81216723
-0.554398704,2.155994958,27.12613813
-0.431198992,2.155994958,33.91461995
-0.30799928,2.155994958,40.65210272
-0.184799568,2.155994958,46.86736244
-0.061599856,2.155994958,52.22091695
0.061599856,2.155994958,56.50489577
0.184799568,2.155994958,59.60648021
0.30799928,2.155994958,61.47434434
0.431198992,2.155994958,62.12566802
0.554398704,2.155994958,61.67512714
0.677598415,2.155994958,60.37777178
0.800798127,2.155994958,58.64488681
0.923997839,2.155994958,57.00454951
1.047197551,2.155994958,55.98057965
1.170397263,2.155994958,55.93836667
1.293596975,2.155994958,56.96922402
1.416796687,2.155994958,58.86780219
1.539996399,2.155994958,61.23478947
1.663196111,2.155994958,63.61604308
1.786395823,2.155994958,65.63445357
1.909595535,2.155994958,67.04194949
2.032795246,2.155994958,67.69668372
2.155994958,2.155994958,67.4982081
2.27919467,2.155994958,66.31679303
2.402394382,2.155994958,63.96909064
2.525594094,2.155994958,60.24433915
2.648793806,2.155994958,55.00803328
2.771993518,2.155994958,48.32679901
2.89519323,2.155994958,40.55898399
3.018392942,2.155994958,32.34502177
-3.141592654,2.27919467,21.25100174
-3.018392942,2.27919467,14.64439416
-2.89519323,2.27919467,9.670651869
-2.771993518,2.27919467,6.398273275
-2.648793806,2.27919467,4.611992023
-2.525594094,2.27919467,3.936072536
-2.402394382,2.27919467,3.954694391
-2.27919467,2.27919467,4.303714006
-2.155994958,2.27919467,4.71675945
-2.032795246,2.27919467,5.043315534
-1.909595535,2.27919467,5.226425321
-1.786395823,2.27919467,5.269736169
-1.663196111,2.27919467,5.20561881
-1.539996399,2.27919467,5.101693778
-1.416796687,2.27919467,5.090453216
-1.293596975,2.27919467,5.388056537
-1.170397263,2.27919467,6.29191647
-1.047197551,2.27919467,8.129968539
-0.923997839,2.27919467,11.19467891
-0.800798127,2.27919467,15.65052736
-0.677598415,2.27919467,21.44418878
-0.554398704,2.27919467,28.25851662
-0.431198992,2.27919467,35.55856647
-0.30799928,2.27919467,42.73135129
-0.184799568,2.27919467,49.2351466
-0.061599856,2.27919467,54.69304714
0.061599856,2.27919467,58.89702378
0.184799568,2.27919467,61.7581076
0.30799928,2.27919467,63.2516914
0.431198992,2.27919467,63.40864115
0.554398704,2.27919467,62.34861283
0.677598415,2.27919467,60.34342118
0.800798127,2.27919467,57.85421817
0.923997839,2.27919467,55.49771495
1.047197551,2.27919467,53.90184501
1.170397263,2.27919467,53.51560629
1.293596975,2.27919467,54.46399314
1.416796687,2.27919467,56.51601444
1.539996399,2.27919467,59.19934879
1.663196111,2.27919467,61.96725139
1.786395823,2.27919467,64.35344199
1.909595535,2.27919467,66.04026812
2.032795246,2.27919467,66.83900269
2.155994958,2.27919467,66.62268708
2.27919467,2.27919467,65.25444519
2.402394382,2.27919467,62.56659389
2.525594094,2.27919467,58.3914436
2.648793806,2.27919467,52.66406328
2.771993518,2.27919467,45.53466626
2.89519323,2.27919467,37.44155448
3.018392942,2.27919467,29.08074702
-3.141592654,2.402394382,18.30981769
-3.018392942,2.402394382,11.98671008
-2.89519323,2.402394382,7.370183046
-2.771993518,2.402394382,4.445418778
-2.648793806,2.402394382,2.939761939
-2.525594094,2.402394382,2.465717863
-2.402394382,2.402394382,2.638316384
-2.27919467,2.402394382,3.140990424
-2.155994958,2.402394382,3.739886216
-2.032795246,2.402394382,4.285174483
-1.909595535,2.402394382,4.693949454
-1.786395823,2.402394382,4.93467614
-1.663196111,2.402394382,5.013287186
-1.539996399,2.402394382,4.987835168
-1.416796687,2.402394382,5.005243496
-1.293596975,2.402394382,5.320387317
-1.170397263,2.402394382,6.287901057
-1.047197551,2.402394382,8.294530622
-0.923997839,2.402394382,11.66640685
-0.800798127,2.402394382,16.55678484
-0.677598415,2.402394382,22.85537692
-0.554398704,2.402394382,30.16118051
-0.431198992,2.402394382,37.85496612
-0.30799928,2.402394382,45.26132411
-0.184799568,2.402394382,51.80924176
-0.061599856,2.402394382,57.1251457
0.061599856,2.402394382,61.03035629
0.184799568,2.402394382,63.47507916
0.30799928,2.402394382,64.46691615
0.431198992,2.402394382,64.05038223
0.554398704,2.402394382,62.34710956
0.677598415,2.402394382,59.6385465
0.800798127,2.402394382,56.42409139
0.923997839,2.402394382,53.39360853
1.047197551,2.402394382,51.26764328
1.170397263,2.402394382,50.57636484
1.293596975,2.402394382,51.48419219
1.416796687,2.402394382,53.74167492
1.539996399,2.402394382,56.80463112
1.663196111,2.402394382,60.02764762
1.786395823,2.402394382,62.8470024
1.909595535,2.402394382,64.87004418
2.032795246,2.402394382,65.85964076
2.155994958,2.402394382,65.6626306
2.27919467,2.402394382,64.1351438
2.402394382,2.402394382,61.12663497
2.525594094,2.402394382,56.51805064
2.648793806,2.402394382,50.32404756
2.771993518,2.402394382,42.78860065
2.89519323,2.402394382,34.43454623
3.018392942,2.402394382,26.00798979
-3.141592654,2.525594094,15.87849891
-3.018392942,2.525594094,9.854447619
-2.89519323,2.525594094,5.57599162
-2.771993518,2.525594094,2.954458988
-2.648793806,2.525594094,1.678642036
-2.525594094,2.525594094,1.369726685
-2.402394382,2.525594094,1.687167412
-2.27919467,2.525594094,2.362826717
-2.155994958,2.525594094,3.182975626
-2.032795246,2.525594094,3.977551011
-1.909595535,2.525594094,4.618734549
-1.786395823,2.525594094,5.032176672
-1.663196111,2.525594094,5.206076613
-1.539996399,2.525594094,5.211871105
-1.416796687,2.525594094,5.239517283
-1.293596975,2.525594094,5.606791834
-1.170397263,2.525594094,6.735449574
-1.047197551,2.525594094,9.058566135
-0.923997839,2.525594094,12.8989173
-0.800798127,2.525594094,18.34556317
-0.677598415,2.525594094,25.18051644
-0.554398704,2.525594094,32.8925642
-0.431198992,2.525594094,40.78763096
-0.30799928,2.525594094,48.16873457
-0.184799568,2.525594094,54.48868834
-0.061599856,2.525594094,59.42164087
0.061599856,2.525594094,62.84171869
0.184799568,2.525594094,64.74097868
0.30799928,2.525594094,65.15133778
0.431198992,2.525594094,64.12315013
0.554398704,2.525594094,61.77713959
0.677598415,2.525594094,58.40271784
0.800798127,2.525594094,54.53119194
0.923997839,2.525594094,50.91031547
1.047197551,2.525594094,48.33502519
1.170397263,2.525594094,47.40338977
1.293596975,2.525594094,48.31540927
1.416796687,2.525594094,50.80730872
1.539996399,2.525594094,54.26995392
1.663196111,2.525594094,57.96519853
1.786395823,2.525594094,61.23709982
1.909595535,2.525594094,63.62301069
2.032795246,2.525594094,64.84128113
2.155994958,2.525594094,64.71324025
2.27919467,2.525594094,63.08482681
2.402394382,2.525594094,59.81769884
2.525594094,2.525594094,54.83846534
2.648793806,2.525594094,48.24205744
2.771993518,2.525594094,40.36859545
2.89519323,2.525594094,31.82460051
3.018392942,2.525594094,23.3981131
-3.141592654,2.648793806,14.17878817
-3.018392942,2.648793806,8.398248412
-2.89519323,2.648793806,4.37232123
-2.771993518,2.648793806,1.962410503
-2.648793806,2.648793806,0.844198672
-2.525594094,2.648793806,0.66373574
-2.402394382,2.648793806,1.125515797
-2.27919467,2.648793806,1.996709
-2.155994958,2.648793806,3.064818351
-2.032795246,2.648793806,4.123514711
-1.909595535,2.648793806,4.993966454
-1.786395823,2.648793806,5.56492786
-1.663196111,2.648793806,5.822278491
-1.539996399,2.648793806,5.870485034
-1.416796687,2.648793806,5.958202012
-1.293596975,2.648793806,6.47206164
-1.170397263,2.648793806,7.893068727
-1.047197551,2.648793806,10.675994
-0.923997839,2.648793806,15.10117422
-0.800798127,2.648793806,21.14973759
-0.677598415,2.648793806,28.46336447
-0.554398704,2.648793806,36.41519529
-0.431198992,2.648793806,44.26298964
-0.30799928,2.648793806,51.33751449
-0.184799568,2.648793806,57.16765266
-0.061599856,2.648793806,61.51167067
0.061599856,2.648793806,64.30805714
0.184799568,2.648793806,65.58143345
0.30799928,2.648793806,65.37076654
0.431198992,2.648793806,63.7204299
0.554398704,2.648793806,60.74944349
0.677598415,2.648793806,56.76071873
0.800798127,2.648793806,52.31970847
0.923997839,2.648793806,48.22229229
1.047197551,2.648793806,45.31700124
1.170397263,2.648793806,44.24553062
1.293596975,2.648793806,45.22522118
1.416796687,2.648793806,47.97256087
1.539996399,2.648793806,51.82176452
1.663196111,2.648793806,55.959416
1.786395823,2.648793806,59.6580423
1.909595535,2.648793806,62.40254087
2.032795246,2.648793806,63.87729164
2.155994958,2.648793806,63.88021385
2.27919467,2.648793806,62.24199048
2.402394382,2.648793806,58.82646367
2.525594094,2.648793806,53.59387801
2.648793806,2.648793806,46.70717336
2.771993518,2.648793806,38.59156232
2.89519323,2.648793806,29.92661922
3.018392942,2.648793806,21.53211278
-3.141592654,2.771993518,13.40297931
-3.018392942,2.771993518,7.753817764
-2.89519323,2.771993518,3.851743483
-2.771993518,2.771993518,1.541342218
-2.648793806,2.771993518,0.507944379
-2.525594094,2.771993518,0.42619531
-2.402394382,2.771993518,1.030982124
-2.27919467,2.771993518,2.102276892
-2.155994958,2.771993518,3.411913604
-2.032795246,2.771993518,4.714035879
-1.909595535,2.771993518,5.789365821
-1.786395823,2.771993518,6.508541719
-1.663196111,2.771993518,6.874145463
-1.539996399,2.771993518,7.036686994
-1.416796687,2.771993518,7.303657528
-1.293596975,2.771993518,8.115386592
-1.170397263,2.771993518,9.982892586
-1.047197551,2.771993518,13.34384223
-0.923997839,2.771993518,18.39808593
-0.800798127,2.771993518,24.99336605
-0.677598415,2.771993518,32.62811983
-0.554398704,2.771993518,40.582804
-0.431198992,2.771993518,48.10971598
-0.30799928,2.771993518,54.61555157
-0.184799568,2.771993518,59.74376296
-0.061599856,2.771993518,63.35522814
0.061599856,2.771993518,65.44913625
0.184799568,2.771993518,66.06424503
0.30799928,2.771993518,65.22524048
0.431198992,2.771993518,62.95854383
0.554398704,2.771993518,59.38360174
0.677598415,2.771993518,54.82903029
0.800798127,2.771993518,49.90594727
0.923997839,2.771993518,45.45749121
1.047197551,2.771993518,42.36709507
1.170397263,2.771993518,41.28807185
1.293596975,2.771993518,42.42262635
1.416796687,2.771993518,45.44986926
1.539996399,2.771993518,49.65318168
1.663196111,2.771993518,54.16940624
1.786395823,2.771993518,58.23308931
1.909595535,2.771993518,61.30497812
2.032795246,2.771993518,63.05193305
2.155994958,2.771993518,63.25283267
2.27919467,2.771993518,61.71874686
2.402394382,2.771993518,58.30413464
2.525594094,2.771993518,52.98458097
2.648793806,2.771993518,45.96648797
2.771993518,2.771993518,37.73392053
2.89519323,2.771993518,29.01699012
3.018392942,2.771993518,20.65506662
-3.141592654,2.89519323,13.66833601
-3.018392942,2.89519323,8.018920815
-2.89519323,2.89519323,4.107004031
-2.771993518,2.89519323,1.795386568
-2.648793806,2.89519323,0.793358791
-2.525594094,2.89519323,0.794051945
-2.402394382,2.89519323,1.536724304
-2.27919467,2.89519323,2.788841161
-2.155994958,2.89519323,4.296699213
-2.032795246,2.89519323,5.784973793
-1.909595535,2.89519323,7.017378814
-1.786395823,2.89519323,7.872649
-1.663196111,2.89519323,8.389268744
-1.539996399,2.89519323,8.770491462
-1.416796687,2.89519323,9.371348883
-1.293596975,2.89519323,10.65494803
-1.170397263,2.89519323,13.1159901
-1.047197551,2.89519323,17.12516044
-0.923997839,2.89519323,22.76762861
-0.800798127,2.89519323,29.75354347
-0.677598415,2.89519323,37.46688439
-0.554398704,2.89519323,45.14533304
-0.431198992,2.89519323,52.08860576
-0.30799928,2.89519323,57.81797832
-0.184799568,2.89519323,62.10848477
-0.061599856,2.89519323,64.92022749
0.061599856,2.89519323,66.2951967
0.184799568,2.89519323,66.26314551
0.30799928,2.89519323,64.81431955
0.431198992,2.89519323,61.94808026
0.554398704,2.89519323,57.78890783
0.677598415,2.89519323,52.70702116
0.800798127,2.89519323,47.37711359
0.923997839,2.89519323,42.69723556
1.047197551,2.89519323,39.57257721
1.170397263,2.89519323,38.63446247
1.293596975,2.89519323,40.02921079
1.416796687,2.89519323,43.37127328
1.539996399,2.89519323,47.89411325
1.663196111,2.89519323,52.71208029
1.786395823,2.89519323,57.06066159
1.909595535,2.89519323,60.40985388
2.032795246,2.89519323,62.42891082
2.155994958,2.89519323,62.88512521
2.27919467,2.89519323,61.56932757
2.402394382,2.89519323,58.31802129
2.525594094,2.89519323,53.10276657
2.648793806,2.89519323,46.1418756
2.771993518,2.89519323,37.9407071
2.89519323,2.89519323,29.24744073
3.018392942,2.89519323,20.9068454
-3.141592654,3.018392942,14.97902679
-3.018392942,3.018392942,9.224989281
-2.89519323,3.018392942,5.204206497
-2.771993518,3.018392942,2.827592828
-2.648793806,3.018392942,1.834480259
-2.525594094,3.018392942,1.919139273
-2.402394382,3.018392942,2.796659597
-2.27919467,3.018392942,4.199511781
-2.155994958,3.018392942,5.844536818
-2.032795246,3.018392942,7.443029518
-1.909595535,3.018392942,8.768605028
-1.786395823,3.018392942,9.734643577
-1.663196111,3.018392942,10.43295385
-1.539996399,3.018392942,11.12298469
-1.416796687,3.018392942,12.19199283
-1.293596975,3.018392942,14.08934175
-1.170397263,3.018392942,17.24094027
-1.047197551,3.018392942,21.89904657
-0.923997839,3.018392942,28.00836434
-0.800798127,3.018392942,35.1561771
-0.677598415,3.018392942,42.66375816
-0.554398704,3.018392942,49.79098612
-0.431198992,3.018392942,55.93723221
-0.30799928,3.018392942,60.76133248
-0.184799568,3.018392942,64.16447532
-0.061599856,3.018392942,66.18368148
0.061599856,3.018392942,66.87666858
0.184799568,3.018392942,66.2414901
0.30799928,3.018392942,64.2193544
0.431198992,3.018392942,60.77867861
0.554398704,3.018392942,56.05560284
0.677598415,3.018392942,50.47781555
0.800798127,3.018392942,44.80226317
0.923997839,3.018392942,39.99339047
1.047197551,3.018392942,36.9707364
1.170397263,3.018392942,36.31491327
1.293596975,3.018392942,38.07735121
1.416796687,3.018392942,41.77864821
1.539996399,3.018392942,46.5988911
1.663196111,3.018392942,51.65197309
1.786395823,3.018392942,56.20833412
1.909595535,3.018392942,59.77733824
2.032795246,3.018392942,62.05012488
2.155994958,3.018392942,62.79310158
2.27919467,3.018392942,61.78222959
2.402394382,3.018392942,58.83424742
2.525594094,3.018392942,53.90188717
2.648793806,3.018392942,47.18494343
2.771993518,3.018392942,39.17004512
2.89519323,3.018392942,30.58750892
3.018392942,3.018392942,22.27185909
